ID,Substrate?,Temperature(K),Chain,Protein_ResID,Joint_Position,CDL2,POPE,POPG,Lipid_Count
6v9z Coarse Grain,No,303.15,A,1,K1,0.036888934,0.003444267,0.001541722,0.041874923
6v9z Coarse Grain Repeat,Yes,310.15,B,1,K1,0.030532408,0.003333334,0.001597222,0.035462964
6v9z Coarse Grain Repeat,Yes,310.15,A,1,K1,0.040833333,0.003171297,0.001388888,0.045393518
6v9z Coarse Grain Repeat,Yes,303.15,B,1,K1,0.031430543,0.002819567,0.002125079,0.036375189
6v9z Coarse Grain Repeat,Yes,303.15,A,1,K1,0.031097278,0.005805867,0.001611244,0.038514389
6v9z Coarse Grain Repeat,No,310.15,B,1,K1,0.042685146,0.002545922,0.00048583,0.045716898
6v9z Coarse Grain Repeat,No,310.15,A,1,K1,0.02974523,0.003471849,0.001157007,0.034374086
6v9z Coarse Grain Repeat,No,303.15,B,1,K1,0.046083399,0.003986156,0.001805633,0.051875188
6v9z Coarse Grain,Yes,310.15,B,1,K1,0.029323698,0.009233708,0.002522434,0.04107984
6v9z Coarse Grain,Yes,310.15,A,1,K1,0.038445091,0.006463598,0.000247676,0.045156365
6v9z Coarse Grain,Yes,303.15,B,1,K1,0,0.002555745,0.001264101,0.003819846
6v9z Coarse Grain,Yes,303.15,A,1,K1,0.025069545,0.004736246,0.001708222,0.031514013
6v9z Coarse Grain,No,310.15,B,1,K1,0.044861111,0.003379628,0.001851852,0.050092591
6v9z Coarse Grain,No,310.15,A,1,K1,0.036574074,0.002592594,0.000601852,0.03976852
6v9z Coarse Grain,No,303.15,B,1,K1,0.037055599,0.003652933,0.002389056,0.043097588
6v9z Coarse Grain Repeat,No,303.15,A,1,K1,0.026166722,0.004514222,0.000847333,0.031528277
6v9z Coarse Grain,No,310.15,B,2,K2,0.113287037,0.002407408,0.001249999,0.116944444
6v9z Coarse Grain Repeat,Yes,303.15,A,2,K2,0.061472178,0.004486189,0.001972278,0.067930645
6v9z Coarse Grain Repeat,No,310.15,B,2,K2,0.080277784,0.002383826,0.003287003,0.085948613
6v9z Coarse Grain,Yes,310.15,B,2,K2,0.077610874,0.004819669,0.002297223,0.084727766
6v9z Coarse Grain,Yes,303.15,B,2,K2,0,0.001194467,0.002638966,0.003833433
6v9z Coarse Grain,No,303.15,B,2,K2,0.073819523,0.003277822,0.002333601,0.079430946
6v9z Coarse Grain Repeat,Yes,303.15,B,2,K2,0.042208376,0.007319511,0.005625111,0.055152998
6v9z Coarse Grain,No,310.15,A,2,K2,0.03534722,0.009837963,0.000416667,0.045601851
6v9z Coarse Grain Repeat,No,303.15,A,2,K2,0.053666711,0.002458467,0.000486178,0.056611356
6v9z Coarse Grain Repeat,Yes,310.15,A,2,K2,0.049305554,0.006898149,0.000324074,0.056527777
6v9z Coarse Grain,Yes,310.15,A,2,K2,0.077498223,0.003445907,0.0001577,0.08110183
6v9z Coarse Grain,No,303.15,A,2,K2,0.060319434,0.003652733,0.002291644,0.066263811
6v9z Coarse Grain Repeat,Yes,310.15,B,2,K2,0.07798611,0.006064815,0.002777777,0.086828702
6v9z Coarse Grain Repeat,No,310.15,A,2,K2,0.052661944,0.01143481,0.002268389,0.066365143
6v9z Coarse Grain,Yes,303.15,A,2,K2,0.043597225,0.005944499,0.000972133,0.050513857
6v9z Coarse Grain Repeat,No,303.15,B,2,K2,0.093944412,0.004264178,0.003027777,0.101236367
6v9z Coarse Grain,No,303.15,A,7,R7,0.013486111,0,0,0.013486111
6v9z Coarse Grain Repeat,No,303.15,A,7,R7,0.00736109,4.17E-05,0.0001388,0.00754159
6v9z Coarse Grain Repeat,Yes,310.15,A,7,R7,0.038171296,6.94E-05,0.010324074,0.048564814
6v9z Coarse Grain,Yes,310.15,A,7,R7,0.001756717,6.76E-05,6.76E-05,0.001891917
6v9z Coarse Grain,No,310.15,A,7,R7,0.012222222,0.000625,0,0.012847222
6v9z Coarse Grain,Yes,303.15,B,7,R7,0,0.002180589,0.003624967,0.005805556
6v9z Coarse Grain,Yes,310.15,B,7,R7,0.041935991,0.00029282,0.000180154,0.042408965
6v9z Coarse Grain Repeat,No,310.15,B,7,R7,0.013888897,0.004375018,0.00555556,0.023819475
6v9z Coarse Grain Repeat,Yes,303.15,A,7,R7,0.005027811,0.000361122,0.001013956,0.006402889
6v9z Coarse Grain Repeat,Yes,303.15,B,7,R7,0.029194478,0.001555644,0.003694477,0.034444599
6v9z Coarse Grain Repeat,No,303.15,B,7,R7,0.006111122,0.001874955,0.008694534,0.016680611
6v9z Coarse Grain,No,303.15,B,7,R7,0.017958344,0.000902756,0.000583411,0.019444511
6v9z Coarse Grain Repeat,Yes,310.15,B,7,R7,0.028842593,0.003425926,0.000925926,0.033194444
6v9z Coarse Grain,No,310.15,B,7,R7,0.017175926,0.001481481,0.000208333,0.01886574
6v9z Coarse Grain,Yes,303.15,A,7,R7,0.005013867,6.94E-05,0.000416667,0.005499934
6v9z Coarse Grain Repeat,No,310.15,A,7,R7,0.03212963,0.000555518,0.000578704,0.033263852
6v9z Coarse Grain Repeat,Yes,303.15,B,8,Q8,0,0,0.0001389,0.0001389
6v9z Coarse Grain Repeat,Yes,310.15,A,8,Q8,0,0,2.31E-05,2.31E-05
6v9z Coarse Grain,No,303.15,B,20,S20,0,0.006236145,2.78E-05,0.006263945
6v9z Coarse Grain Repeat,No,310.15,A,20,S20,0,0.000995322,0,0.000995322
6v9z Coarse Grain Repeat,No,310.15,B,20,S20,0,0.027662037,6.94E-05,0.027731437
6v9z Coarse Grain Repeat,No,303.15,A,20,S20,0,0.030861155,0,0.030861155
6v9z Coarse Grain,Yes,310.15,B,20,S20,0,0.006418774,0.001058513,0.007477287
6v9z Coarse Grain Repeat,Yes,303.15,A,20,S20,0,0.002305556,0,0.002305556
6v9z Coarse Grain Repeat,No,303.15,B,20,S20,0,0.000361133,2.78E-05,0.000388933
6v9z Coarse Grain,No,310.15,B,20,S20,0,0.002384259,0,0.002384259
6v9z Coarse Grain,Yes,303.15,B,20,S20,0,0.031583333,0,0.031583333
6v9z Coarse Grain,No,303.15,A,20,S20,1.39E-05,0.001055556,0,0.001069456
6v9z Coarse Grain Repeat,Yes,303.15,B,20,S20,0,0.0100973,6.95E-05,0.0101668
6v9z Coarse Grain Repeat,Yes,310.15,B,20,S20,0,0.005833333,0.000138889,0.005972222
6v9z Coarse Grain,Yes,303.15,A,20,S20,0,2.78E-05,0,2.78E-05
6v9z Coarse Grain,No,310.15,A,20,S20,0,0.003564814,0,0.003564814
6v9z Coarse Grain Repeat,Yes,310.15,A,20,S20,0,0.005023148,0,0.005023148
6v9z Coarse Grain,No,310.15,B,21,S21,0,0.000833333,6.94E-05,0.000902777
6v9z Coarse Grain Repeat,No,303.15,A,21,S21,0,0.001041667,0,0.001041667
6v9z Coarse Grain Repeat,Yes,310.15,B,21,S21,0,6.94E-05,0,6.94E-05
6v9z Coarse Grain Repeat,Yes,310.15,A,21,S21,0,0.000763888,0.000347222,0.001111111
6v9z Coarse Grain Repeat,No,310.15,A,21,S21,0.000138889,0.00152773,4.63E-05,0.001712919
6v9z Coarse Grain Repeat,No,310.15,B,21,S21,6.93E-05,0.008935044,2.31E-05,0.009027444
6v9z Coarse Grain,Yes,303.15,B,21,S21,0,0.000902822,0,0.000902822
6v9z Coarse Grain,Yes,310.15,B,21,S21,0,0.011283529,0.001689085,0.012972614
6v9z Coarse Grain Repeat,Yes,303.15,B,21,S21,0.000694467,0.000722234,0.0001527,0.001569401
6v9z Coarse Grain,No,303.15,B,21,S21,0,0.005694401,0.000125,0.005819401
6v9z Coarse Grain,Yes,303.15,A,21,S21,0.000277778,0.000708288,0,0.000986066
6v9z Coarse Grain Repeat,Yes,303.15,A,21,S21,0,0.001041667,0,0.001041667
6v9z Coarse Grain Repeat,No,303.15,B,21,S21,1.39E-05,0.000874966,0.0001667,0.001055566
6v9z Coarse Grain,No,303.15,A,21,S21,0.000583333,0.0001528,0,0.000736133
6v9z Coarse Grain,No,310.15,A,21,S21,2.31E-05,0.002199074,0,0.002222222
6v9z Coarse Grain,Yes,303.15,A,24,Q24,0.044611088,0.01180561,0.003486088,0.059902786
6v9z Coarse Grain Repeat,Yes,310.15,B,24,Q24,0.047893518,0.013425926,0.00125,0.062569444
6v9z Coarse Grain,No,310.15,B,24,Q24,0.082523147,0.015902778,0.004027779,0.102453704
6v9z Coarse Grain Repeat,Yes,310.15,A,24,Q24,0.067569444,0.008773148,0.003842593,0.080185185
6v9z Coarse Grain Repeat,No,303.15,A,24,Q24,0.093416688,0.014027789,0.0001944,0.107638877
6v9z Coarse Grain,No,310.15,A,24,Q24,0.025208333,0.032060186,0.000972222,0.058240742
6v9z Coarse Grain Repeat,No,310.15,B,24,Q24,0.059675878,0.030416577,0.002499856,0.092592311
6v9z Coarse Grain Repeat,No,310.15,A,24,Q24,0.05277773,0.016203298,0.002962689,0.071943717
6v9z Coarse Grain Repeat,Yes,303.15,B,24,Q24,0.048166745,0.024014024,0.006597234,0.078778003
6v9z Coarse Grain,Yes,310.15,A,24,Q24,0.124569267,0.009639421,0,0.134208688
6v9z Coarse Grain,No,303.15,A,24,Q24,0.082819445,0.003902701,0.001958366,0.088680512
6v9z Coarse Grain Repeat,Yes,303.15,A,24,Q24,0.111972211,0.029347255,0.000125,0.141444466
6v9z Coarse Grain,Yes,310.15,B,24,Q24,0.051237573,0.03130558,0.010720492,0.093263645
6v9z Coarse Grain,Yes,303.15,B,24,Q24,0,0.009583377,0.006000022,0.015583399
6v9z Coarse Grain Repeat,No,303.15,B,24,Q24,0.061833388,0.016694412,0.002486077,0.081013877
6v9z Coarse Grain,No,303.15,B,24,Q24,0.060930533,0.022250146,0.004083378,0.087264057
6v9z Coarse Grain Repeat,No,303.15,B,29,K29,0,1.39E-05,0,1.39E-05
6v9z Coarse Grain Repeat,Yes,303.15,B,29,K29,0,1.39E-05,1.39E-05,2.78E-05
6v9z Coarse Grain Repeat,Yes,303.15,A,29,K29,1.39E-05,0,0,1.39E-05
6v9z Coarse Grain,Yes,310.15,A,29,K29,2.25E-05,0,0,2.25E-05
6v9z Coarse Grain,No,303.15,A,29,K29,4.17E-05,0,1.39E-05,5.56E-05
6v9z Coarse Grain,Yes,303.15,B,31,S31,0,0.006611111,0,0.006611111
6v9z Coarse Grain Repeat,No,310.15,A,31,S31,0.000300926,0.006689826,2.31E-05,0.007013852
6v9z Coarse Grain,Yes,310.15,A,31,S31,0.000653138,0.00056305,0,0.001216188
6v9z Coarse Grain,No,310.15,A,31,S31,0,0.001643518,0,0.001643518
6v9z Coarse Grain,Yes,303.15,A,31,S31,0.001111111,9.72E-05,0,0.001208311
6v9z Coarse Grain Repeat,No,303.15,A,31,S31,0,0.004291633,0,0.004291633
6v9z Coarse Grain Repeat,Yes,303.15,A,31,S31,0.004583333,0.001708344,0,0.006291677
6v9z Coarse Grain Repeat,No,303.15,B,31,S31,0,0.000569622,4.17E-05,0.000611322
6v9z Coarse Grain Repeat,Yes,310.15,A,31,S31,0.002523148,0.00824074,0,0.010763888
6v9z Coarse Grain,No,310.15,B,31,S31,0.000208333,0.001087963,4.63E-05,0.001342593
6v9z Coarse Grain,No,303.15,B,31,S31,0,0.001736178,0.0001111,0.001847278
6v9z Coarse Grain Repeat,No,310.15,B,31,S31,0.000162037,0.028402778,9.26E-05,0.028657415
6v9z Coarse Grain,No,303.15,A,31,S31,0.000972222,0.004222267,0.000208333,0.005402822
6v9z Coarse Grain Repeat,Yes,310.15,B,31,S31,0,0.000208334,2.31E-05,0.000231482
6v9z Coarse Grain,Yes,310.15,B,31,S31,0.000630594,0.000698262,0.000450396,0.001779252
6v9z Coarse Grain Repeat,Yes,303.15,B,31,S31,0,0.0076667,9.73E-05,0.007764
6v9z Coarse Grain Repeat,Yes,310.15,A,74,K74,0.000925926,0.000324074,4.63E-05,0.001296296
6v9z Coarse Grain,No,310.15,A,74,K74,0.002546295,0.00111111,0.000347222,0.004004628
6v9z Coarse Grain Repeat,No,303.15,A,74,K74,0.001375178,0.000764233,0.0004862,0.002625611
6v9z Coarse Grain,Yes,310.15,A,74,K74,0.00058553,9.00E-05,6.75E-05,0.00074303
6v9z Coarse Grain Repeat,No,303.15,B,74,K74,0.0006112,0.000403,0.0002502,0.0012644
6v9z Coarse Grain Repeat,No,310.15,A,74,K74,0.000694118,0.0003005,0.000393341,0.001387959
6v9z Coarse Grain,Yes,303.15,A,74,K74,0.0004724,0.0003752,0.0002363,0.0010839
6v9z Coarse Grain Repeat,No,310.15,B,74,K74,0.000393437,0.0001156,0.0001389,0.000647937
6v9z Coarse Grain,No,303.15,B,74,K74,0,1.39E-05,0,1.39E-05
6v9z Coarse Grain,Yes,303.15,B,74,K74,0,1.39E-05,0,1.39E-05
6v9z Coarse Grain,No,303.15,A,74,K74,0.001541777,0.0003196,0.0002501,0.002111477
6v9z Coarse Grain Repeat,Yes,303.15,B,74,K74,0,1.39E-05,0,1.39E-05
6v9z Coarse Grain Repeat,Yes,303.15,A,74,K74,0.001139011,0.0003613,0.0002641,0.001764411
6v9z Coarse Grain,Yes,303.15,A,77,R77,1.39E-05,0,0,1.39E-05
6v9z Coarse Grain Repeat,No,310.15,A,77,R77,2.31E-05,6.94E-05,4.63E-05,0.0001388
6v9z Coarse Grain,Yes,310.15,A,77,R77,0,0.0001125,0,0.0001125
6v9z Coarse Grain Repeat,No,303.15,A,77,R77,2.78E-05,0,0,2.78E-05
6v9z Coarse Grain,No,310.15,A,77,R77,0,0,2.31E-05,2.31E-05
6v9z Coarse Grain Repeat,Yes,310.15,A,87,D87,0,4.63E-05,0,4.63E-05
6v9z Coarse Grain Repeat,No,303.15,B,98,S98,0.058527778,0.003874956,0.007375144,0.069777878
6v9z Coarse Grain,Yes,303.15,A,98,S98,0.036055624,0.006639078,0.000458467,0.043153169
6v9z Coarse Grain,No,310.15,A,98,S98,0.034166666,0.01037037,0.001018519,0.045555555
6v9z Coarse Grain Repeat,Yes,303.15,B,98,S98,0.02990278,0.007152923,0.019694711,0.056750414
6v9z Coarse Grain,No,303.15,B,98,S98,0.077611211,0.002611166,0.000986289,0.081208666
6v9z Coarse Grain Repeat,No,303.15,A,98,S98,0.024388955,0.013819644,0.000680733,0.038889332
6v9z Coarse Grain Repeat,Yes,310.15,A,98,S98,0.027291667,0.010439815,4.63E-05,0.037777778
6v9z Coarse Grain Repeat,Yes,310.15,B,98,S98,0.034976851,0.009259261,0.001921297,0.046157408
6v9z Coarse Grain Repeat,No,310.15,A,98,S98,0.036342359,0.01789324,0.000555426,0.054791025
6v9z Coarse Grain Repeat,No,310.15,B,98,S98,0.061898007,0.002221827,0.00761566,0.071735494
6v9z Coarse Grain,Yes,310.15,B,98,S98,0.063376919,0.00655381,0.009301515,0.079232244
6v9z Coarse Grain Repeat,Yes,303.15,A,98,S98,0.036305556,0.005055789,0.005902766,0.047264111
6v9z Coarse Grain,Yes,310.15,A,98,S98,0.113623435,0.00425661,0.0001576,0.118037645
6v9z Coarse Grain,No,303.15,A,98,S98,0.107041822,0.004486301,0.001097311,0.112625434
6v9z Coarse Grain,No,310.15,B,98,S98,0.022824074,0.01449074,0.002592592,0.039907406
6v9z Coarse Grain,Yes,303.15,B,98,S98,0,0.004014189,0.008930811,0.012945
6v9z Coarse Grain Repeat,No,310.15,A,100,K100,0.017615664,0.002013288,0.001018296,0.020647248
6v9z Coarse Grain Repeat,No,310.15,B,100,K100,0.045138763,0.003517509,0.003194328,0.0518506
6v9z Coarse Grain Repeat,Yes,303.15,B,100,K100,0.008305588,0.002125244,0.000861244,0.011292076
6v9z Coarse Grain,No,303.15,B,100,K100,0.039347201,0.003403012,0.001819722,0.044569935
6v9z Coarse Grain,No,310.15,A,100,K100,0.030509259,0.00539352,0.000856481,0.03675926
6v9z Coarse Grain Repeat,Yes,303.15,A,100,K100,0.021680544,0.003583578,0.001152777,0.026416899
6v9z Coarse Grain,No,310.15,B,100,K100,0.028333332,0.007615741,0.002662037,0.03861111
6v9z Coarse Grain,No,303.15,A,100,K100,0.037597212,0.006944589,0.002236245,0.046778046
6v9z Coarse Grain Repeat,No,303.15,B,100,K100,0.040652756,0.0041669,0.002291944,0.0471116
6v9z Coarse Grain,Yes,310.15,B,100,K100,0.040922437,0.006981418,0.003896102,0.051799957
6v9z Coarse Grain,Yes,303.15,B,100,K100,0,0.004986523,0.002903167,0.00788969
6v9z Coarse Grain,Yes,303.15,A,100,K100,0.013000011,0.001902855,0.000861133,0.015763999
6v9z Coarse Grain,Yes,310.15,A,100,K100,0.018580608,0.002905289,0.000607974,0.022093871
6v9z Coarse Grain Repeat,No,303.15,A,100,K100,0.031305688,0.003458423,0.000972433,0.035736544
6v9z Coarse Grain Repeat,Yes,310.15,B,100,K100,0.029930555,0.003888888,0.001967593,0.035787035
6v9z Coarse Grain Repeat,Yes,310.15,A,100,K100,0.012615742,0.001550927,9.26E-05,0.014259261
6v9z Coarse Grain,No,310.15,A,101,N101,0.046226855,0.013912039,0.006504628,0.066643523
6v9z Coarse Grain Repeat,Yes,303.15,A,101,N101,0.034791668,0.012986269,0.003486233,0.05126417
6v9z Coarse Grain,Yes,303.15,B,101,N101,0,0.009347813,0.003263855,0.012611668
6v9z Coarse Grain Repeat,No,310.15,B,101,N101,0.0146062,0.008008373,0.003564598,0.026179171
6v9z Coarse Grain,Yes,310.15,A,101,N101,0.033940633,0.020224443,0.007634776,0.061799852
6v9z Coarse Grain Repeat,Yes,310.15,B,101,N101,0.00837963,0.005601851,0.002847223,0.016828704
6v9z Coarse Grain Repeat,No,303.15,B,101,N101,0.016986089,0.005264535,0.0014587,0.023709324
6v9z Coarse Grain,Yes,310.15,B,101,N101,0.008918597,0.010562581,0.003085408,0.022566586
6v9z Coarse Grain Repeat,No,303.15,A,101,N101,0.019555689,0.010833702,0.004041445,0.034430836
6v9z Coarse Grain Repeat,Yes,303.15,B,101,N101,0.008486276,0.004972513,0.002639267,0.016098056
6v9z Coarse Grain,No,303.15,B,101,N101,0.008930531,0.005014378,0.00237519,0.016320099
6v9z Coarse Grain,No,303.15,A,101,N101,0.0483473,0.011736489,0.004611445,0.064695234
6v9z Coarse Grain,Yes,303.15,A,101,N101,0.038486354,0.012347567,0.00501381,0.055847731
6v9z Coarse Grain Repeat,Yes,310.15,A,101,N101,0.037685188,0.015810186,0.001203704,0.054699077
6v9z Coarse Grain Repeat,No,310.15,A,101,N101,0.03856473,0.020554705,0.005809963,0.064929398
6v9z Coarse Grain,No,310.15,B,101,N101,0.016018521,0.008263887,0.002152778,0.026435185
6v9z Coarse Grain Repeat,No,303.15,A,102,R102,4.17E-05,2.78E-05,0,6.95E-05
6v9z Coarse Grain,Yes,303.15,A,102,R102,0.000319489,1.39E-05,0,0.000333389
6v9z Coarse Grain Repeat,Yes,303.15,A,102,R102,5.56E-05,0,2.78E-05,8.34E-05
6v9z Coarse Grain Repeat,No,310.15,A,102,R102,0.001319366,0.00062483,0.0002313,0.002175496
6v9z Coarse Grain,No,303.15,A,102,R102,1.39E-05,0,0,1.39E-05
6v9z Coarse Grain Repeat,Yes,310.15,A,105,T105,0.116342594,0.017384261,9.26E-05,0.133819447
6v9z Coarse Grain Repeat,Yes,303.15,B,105,T105,0.075638921,0.016347611,0.03258331,0.124569842
6v9z Coarse Grain,No,303.15,B,105,T105,0.163277856,0.002125111,0.001513911,0.166916878
6v9z Coarse Grain,No,303.15,A,105,T105,0.145583378,0.015874877,0.003083367,0.164541622
6v9z Coarse Grain Repeat,Yes,303.15,A,105,T105,0.114152855,0.016486245,0.009194455,0.139833555
6v9z Coarse Grain Repeat,No,303.15,B,105,T105,0.119347233,0.002333578,0.007236245,0.128917056
6v9z Coarse Grain Repeat,No,310.15,B,105,T105,0.11930542,0.003425715,0.012615648,0.135346783
6v9z Coarse Grain,No,310.15,B,105,T105,0.094837963,0.006782406,0.002916666,0.104537036
6v9z Coarse Grain Repeat,No,303.15,A,105,T105,0.072944467,0.017027922,0.000819467,0.090791856
6v9z Coarse Grain,Yes,303.15,A,105,T105,0.121958455,0.010222289,0.002902934,0.135083678
6v9z Coarse Grain,Yes,310.15,A,105,T105,0.111056091,0.007432198,2.25E-05,0.118510789
6v9z Coarse Grain,Yes,303.15,B,105,T105,0,0.003597345,0.013902811,0.017500156
6v9z Coarse Grain,No,310.15,A,105,T105,0.098726852,0.012824074,0.001481481,0.113032408
6v9z Coarse Grain Repeat,Yes,310.15,B,105,T105,0.080023149,0.017708332,0.00337963,0.101111111
6v9z Coarse Grain Repeat,No,310.15,A,105,T105,0.098402777,0.023055515,0.001759073,0.123217365
6v9z Coarse Grain,Yes,310.15,B,105,T105,0.130515026,0.003355818,0.013355511,0.147226355
6v9z Coarse Grain Repeat,Yes,310.15,A,115,R115,0.070671297,0.009629628,0.000856481,0.081157406
6v9z Coarse Grain,Yes,310.15,A,115,R115,0.059007705,0.006373685,0.003153017,0.068534407
6v9z Coarse Grain Repeat,Yes,303.15,A,115,R115,0.062375001,0.010027789,0.00304181,0.0754446
6v9z Coarse Grain,Yes,310.15,B,115,R115,0.065066026,0.007612078,0.002634888,0.075312992
6v9z Coarse Grain Repeat,Yes,310.15,B,115,R115,0.05560185,0.006805557,0.002476851,0.064884259
6v9z Coarse Grain Repeat,No,303.15,B,115,R115,0.044416555,0.006236268,0.004458344,0.055111167
6v9z Coarse Grain,No,303.15,B,115,R115,0.054263977,0.006486165,0.002889121,0.063639263
6v9z Coarse Grain,Yes,303.15,B,115,R115,0,0.004042068,0.004333344,0.008375412
6v9z Coarse Grain Repeat,Yes,303.15,B,115,R115,0.053763988,0.007402766,0.002805544,0.063972298
6v9z Coarse Grain,Yes,303.15,A,115,R115,0.068027756,0.005708631,0.002555712,0.076292099
6v9z Coarse Grain Repeat,No,303.15,A,115,R115,0.055986146,0.005083601,0.001222378,0.062292125
6v9z Coarse Grain,No,310.15,B,115,R115,0.069282407,0.004212963,0.001550926,0.075046296
6v9z Coarse Grain Repeat,No,310.15,B,115,R115,0.068749918,0.005508763,0.004305204,0.078563885
6v9z Coarse Grain,No,303.15,A,115,R115,0.061305565,0.008069613,0.001125012,0.07050019
6v9z Coarse Grain Repeat,No,310.15,A,115,R115,0.076157415,0.004999815,0.001944303,0.083101533
6v9z Coarse Grain,No,310.15,A,115,R115,0.07451389,0.004606481,0.003240739,0.082361109
6v9z Coarse Grain Repeat,Yes,303.15,A,117,S117,0.017749913,0.017361535,0.002291755,0.037403203
6v9z Coarse Grain,Yes,303.15,A,117,S117,0.023416723,0.016027966,0.000764222,0.040208911
6v9z Coarse Grain Repeat,No,303.15,A,117,S117,0.008680721,0.012194377,0.001125211,0.022000309
6v9z Coarse Grain Repeat,Yes,303.15,B,117,S117,0.012805555,0.013541924,0.001861089,0.028208568
6v9z Coarse Grain,No,303.15,A,117,S117,0.022541768,0.017416968,0.000902911,0.040861647
6v9z Coarse Grain Repeat,No,303.15,B,117,S117,0.009139012,0.012667013,0.002208678,0.024014703
6v9z Coarse Grain Repeat,No,310.15,B,117,S117,0.011087748,0.020115505,0.002916399,0.034119652
6v9z Coarse Grain,No,310.15,A,117,S117,0.026527779,0.02125,0.006064816,0.053842595
6v9z Coarse Grain,Yes,310.15,B,117,S117,0.013220403,0.02182361,0.002657559,0.037701572
6v9z Coarse Grain,Yes,310.15,A,117,S117,0.00707178,0.017476803,0.002499747,0.02704833
6v9z Coarse Grain,No,303.15,B,117,S117,0.010263979,0.02112539,0.002569588,0.033958957
6v9z Coarse Grain Repeat,Yes,310.15,B,117,S117,0.011087962,0.012754631,0.001018519,0.024861111
6v9z Coarse Grain Repeat,No,310.15,A,117,S117,0.019699033,0.021272711,0.002383894,0.043355638
6v9z Coarse Grain,Yes,303.15,B,117,S117,0,0.013472422,0.003430734,0.016903156
6v9z Coarse Grain,No,310.15,B,117,S117,0.011064815,0.013449074,0.001944445,0.026458333
6v9z Coarse Grain Repeat,Yes,310.15,A,117,S117,0.023796295,0.020393521,0.000949074,0.045138889
6v9z Coarse Grain,No,310.15,A,120,D120,0,0.000601852,0,0.000601852
6v9z Coarse Grain,Yes,310.15,B,120,D120,0,0.0004502,0,0.0004502
6v9z Coarse Grain Repeat,Yes,310.15,B,120,D120,0,0.000601851,0,0.000601851
6v9z Coarse Grain,Yes,303.15,B,120,D120,0,0.0003614,0,0.0003614
6v9z Coarse Grain Repeat,No,303.15,A,120,D120,0,0.0001529,0,0.0001529
6v9z Coarse Grain,Yes,303.15,A,120,D120,0,0.0003612,0,0.0003612
6v9z Coarse Grain,No,310.15,B,120,D120,0,0.000254629,0,0.000254629
6v9z Coarse Grain Repeat,No,310.15,B,120,D120,0,0.0005086,0,0.0005086
6v9z Coarse Grain,Yes,310.15,A,120,D120,0,0.000562874,0,0.000562874
6v9z Coarse Grain,No,303.15,A,120,D120,0,0.000791933,0,0.000791933
6v9z Coarse Grain Repeat,No,303.15,B,120,D120,0,0.0005282,0,0.0005282
6v9z Coarse Grain Repeat,Yes,303.15,A,120,D120,0,0.000472467,0,0.000472467
6v9z Coarse Grain Repeat,No,310.15,A,120,D120,0,0.001110756,0,0.001110756
6v9z Coarse Grain,No,303.15,B,120,D120,0,0.000750322,0,0.000750322
6v9z Coarse Grain Repeat,Yes,310.15,A,120,D120,0,0.00087963,0,0.00087963
6v9z Coarse Grain Repeat,Yes,303.15,B,120,D120,0,0.000764222,0,0.000764222
6v9z Coarse Grain Repeat,Yes,310.15,B,123,S123,0,2.31E-05,0,2.31E-05
6v9z Coarse Grain Repeat,No,310.15,A,123,S123,0,6.93E-05,0,6.93E-05
6v9z Coarse Grain,No,303.15,B,123,S123,0,8.34E-05,0,8.34E-05
6v9z Coarse Grain,No,303.15,A,123,S123,0,2.78E-05,0,2.78E-05
6v9z Coarse Grain Repeat,No,303.15,B,123,S123,0,1.39E-05,0,1.39E-05
6v9z Coarse Grain,Yes,310.15,B,123,S123,0,0,2.25E-05,2.25E-05
6v9z Coarse Grain Repeat,Yes,310.15,A,123,S123,0,0.000138889,0,0.000138889
6v9z Coarse Grain,Yes,303.15,A,123,S123,0,2.78E-05,0,2.78E-05
6v9z Coarse Grain Repeat,Yes,303.15,B,123,S123,0,5.56E-05,0,5.56E-05
6v9z Coarse Grain Repeat,Yes,303.15,B,139,Q139,5.56E-05,0.0002363,1.39E-05,0.0003058
6v9z Coarse Grain Repeat,Yes,310.15,B,139,Q139,0,0.000393518,9.26E-05,0.00048611
6v9z Coarse Grain Repeat,Yes,303.15,A,139,Q139,0.0001667,0.000944889,0.0002084,0.001319989
6v9z Coarse Grain Repeat,No,310.15,B,139,Q139,0.0001157,0.0008097,0.0001388,0.0010642
6v9z Coarse Grain,Yes,303.15,B,139,Q139,0,0.001000356,1.39E-05,0.001014256
6v9z Coarse Grain,No,310.15,A,139,Q139,0,0.000347222,4.63E-05,0.000393518
6v9z Coarse Grain Repeat,No,310.15,A,139,Q139,4.62E-05,0.000601241,4.62E-05,0.000693641
6v9z Coarse Grain,No,310.15,B,139,Q139,4.63E-05,0.00099537,0.000115741,0.001157407
6v9z Coarse Grain,Yes,303.15,A,139,Q139,5.56E-05,0.000736489,8.34E-05,0.000875489
6v9z Coarse Grain,No,303.15,B,139,Q139,1.39E-05,0.000403,0,0.0004169
6v9z Coarse Grain,Yes,310.15,A,139,Q139,0.0001576,0.001486096,0.0001125,0.001756196
6v9z Coarse Grain,No,303.15,A,139,Q139,9.72E-05,0.0004169,6.95E-05,0.0005836
6v9z Coarse Grain Repeat,No,303.15,B,139,Q139,9.72E-05,0.0005002,0.0001112,0.0007086
6v9z Coarse Grain Repeat,No,303.15,A,139,Q139,0.000555622,0.0008616,0.0003475,0.001764722
6v9z Coarse Grain Repeat,Yes,310.15,A,139,Q139,0,0.000277777,2.31E-05,0.000300925
6v9z Coarse Grain,Yes,310.15,B,139,Q139,9.01E-05,0.00049531,4.50E-05,0.00063041
6v9z Coarse Grain,No,310.15,A,140,K140,6.94E-05,4.63E-05,0,0.000115741
6v9z Coarse Grain Repeat,No,310.15,B,140,K140,0,2.31E-05,0,2.31E-05
6v9z Coarse Grain Repeat,Yes,303.15,B,140,K140,8.33E-05,2.78E-05,0,0.0001111
6v9z Coarse Grain,Yes,310.15,B,140,K140,4.50E-05,2.25E-05,0,6.75E-05
6v9z Coarse Grain,No,303.15,A,140,K140,0,2.78E-05,1.39E-05,4.17E-05
6v9z Coarse Grain,Yes,310.15,B,142,D142,0,2.25E-05,0,2.25E-05
6v9z Coarse Grain,No,310.15,B,142,D142,0,2.31E-05,0,2.31E-05
6v9z Coarse Grain Repeat,No,310.15,B,142,D142,0,2.31E-05,0,2.31E-05
6v9z Coarse Grain Repeat,No,303.15,A,142,D142,0,1.39E-05,0,1.39E-05
6v9z Coarse Grain Repeat,Yes,310.15,B,144,T144,0.00386574,0.025347222,0.010949073,0.040162035
6v9z Coarse Grain Repeat,No,303.15,A,144,T144,0.00438891,0.006263911,0.001388978,0.012041799
6v9z Coarse Grain Repeat,Yes,303.15,B,144,T144,0.008708378,0.023708468,0.003430623,0.035847469
6v9z Coarse Grain Repeat,Yes,303.15,A,144,T144,0.019833356,0.006319545,0.000291711,0.026444612
6v9z Coarse Grain,No,303.15,B,144,T144,0.00075,0.017722311,0.001944556,0.020416867
6v9z Coarse Grain Repeat,Yes,310.15,A,144,T144,0.036620371,0.040046296,0.000787038,0.077453705
6v9z Coarse Grain,Yes,303.15,B,144,T144,0,0.024750089,0.001597256,0.026347345
6v9z Coarse Grain,No,303.15,A,144,T144,0.020499978,0.04191679,0.003458466,0.065875234
6v9z Coarse Grain Repeat,No,310.15,B,144,T144,0.001967544,0.008425786,0.00050923,0.01090256
6v9z Coarse Grain Repeat,No,310.15,A,144,T144,0.020532359,0.020069169,0.001898059,0.042499587
6v9z Coarse Grain,Yes,310.15,B,144,T144,0.019571587,0.011531053,0.009414159,0.040516799
6v9z Coarse Grain,Yes,310.15,A,144,T144,0.013107769,0.003738434,0.002612566,0.019458769
6v9z Coarse Grain Repeat,No,303.15,B,144,T144,0.000902789,0.013541857,0.002527855,0.016972501
6v9z Coarse Grain,No,310.15,A,144,T144,0.002916666,0.026504628,0.000462963,0.029884257
6v9z Coarse Grain,No,310.15,B,144,T144,0.008819445,0.022037037,0.005601852,0.036458334
6v9z Coarse Grain,Yes,303.15,A,144,T144,0.044541666,0.004513888,0.0015833,0.050638854
6v9z Coarse Grain,No,303.15,B,145,Q145,0.015458311,0.023264068,0.0093751,0.048097479
6v9z Coarse Grain Repeat,Yes,310.15,A,145,Q145,0.006273148,0.026574075,0.003101851,0.035949074
6v9z Coarse Grain Repeat,Yes,303.15,B,145,Q145,0.008277911,0.00845869,0.002444456,0.019181057
6v9z Coarse Grain,Yes,310.15,A,145,Q145,0.01042767,0.027521695,0.012341988,0.050291353
6v9z Coarse Grain Repeat,Yes,303.15,A,145,Q145,0.042319457,0.029527835,0.008041722,0.079889014
6v9z Coarse Grain,No,310.15,B,145,Q145,0.008263888,0.017731483,0.003171296,0.029166668
6v9z Coarse Grain Repeat,No,310.15,B,145,Q145,0.038912036,0.028795925,0.009050696,0.076758657
6v9z Coarse Grain,Yes,303.15,B,145,Q145,0,0.007597244,0.001708333,0.009305577
6v9z Coarse Grain,No,310.15,A,145,Q145,0.01011574,0.017430556,0.001736111,0.029282407
6v9z Coarse Grain Repeat,Yes,310.15,B,145,Q145,0.009444444,0.019560185,0.00712963,0.036134258
6v9z Coarse Grain,No,303.15,A,145,Q145,0.018069478,0.02947231,0.00540281,0.052944598
6v9z Coarse Grain,Yes,310.15,B,145,Q145,0.018940928,0.01646343,0.008986196,0.044390554
6v9z Coarse Grain Repeat,No,303.15,A,145,Q145,0.032958376,0.039319558,0.003597256,0.07587519
6v9z Coarse Grain Repeat,No,303.15,B,145,Q145,0.008013846,0.013555743,0.001680644,0.023250233
6v9z Coarse Grain,Yes,303.15,A,145,Q145,0.014486245,0.023597355,0.002347378,0.040430978
6v9z Coarse Grain Repeat,No,310.15,A,145,Q145,0.005393429,0.010902488,0.006157096,0.022453013
6v9z Coarse Grain Repeat,Yes,310.15,A,146,N146,0.092083332,0.086712965,0.002314814,0.181111111
6v9z Coarse Grain,Yes,303.15,A,146,N146,0.097347222,0.039778044,0.003736099,0.140861365
6v9z Coarse Grain Repeat,Yes,303.15,B,146,N146,0.056208356,0.051000132,0.010055701,0.117264189
6v9z Coarse Grain Repeat,No,303.15,A,146,N146,0.040513933,0.080944498,0.002694489,0.12415292
6v9z Coarse Grain Repeat,Yes,303.15,A,146,N146,0.120527789,0.027555513,0.000708389,0.148791691
6v9z Coarse Grain,No,303.15,B,146,N146,0.030583333,0.07751398,0.019138867,0.12723618
6v9z Coarse Grain Repeat,No,310.15,B,146,N146,0.059490691,0.056735942,0.011712923,0.127939556
6v9z Coarse Grain Repeat,No,303.15,B,146,N146,0.028249965,0.081722124,0.008222301,0.11819439
6v9z Coarse Grain,Yes,310.15,B,146,N146,0.047701574,0.039931546,0.028129997,0.115763117
6v9z Coarse Grain,No,303.15,A,146,N146,0.028805634,0.111027741,0.008847255,0.14868063
6v9z Coarse Grain,Yes,310.15,A,146,N146,0.070966904,0.070291186,0.005675504,0.146933594
6v9z Coarse Grain Repeat,No,310.15,A,146,N146,0.034328672,0.058379519,0.019328425,0.112036616
6v9z Coarse Grain,No,310.15,B,146,N146,0.056458333,0.051458334,0.023148149,0.131064816
6v9z Coarse Grain,Yes,303.15,B,146,N146,0.070027744,0.077861299,0.005250044,0.153139087
6v9z Coarse Grain,No,310.15,A,146,N146,0.031412036,0.085046296,0.009490742,0.125949074
6v9z Coarse Grain Repeat,Yes,310.15,B,146,N146,0.02875,0.070902777,0.039097223,0.13875
6v9z Coarse Grain,No,310.15,A,150,K150,0,6.94E-05,0,6.94E-05
6v9z Coarse Grain Repeat,Yes,310.15,B,150,K150,0,9.26E-05,0,9.26E-05
6v9z Coarse Grain,Yes,310.15,B,150,K150,0.000765748,0.00015761,0.000247742,0.0011711
6v9z Coarse Grain,No,310.15,B,150,K150,0.000787036,9.26E-05,9.26E-05,0.000972221
6v9z Coarse Grain Repeat,No,303.15,A,150,K150,0.008847245,0.0014307,0.001250067,0.011528012
6v9z Coarse Grain,Yes,303.15,A,150,K150,0.000375011,6.95E-05,0.0001667,0.000611211
6v9z Coarse Grain,No,303.15,B,150,K150,2.78E-05,2.78E-05,1.39E-05,6.95E-05
6v9z Coarse Grain Repeat,No,303.15,B,150,K150,0.001499956,4.17E-05,0.000166678,0.001708334
6v9z Coarse Grain,No,303.15,A,150,K150,5.56E-05,0.000277867,0.000152789,0.000486256
6v9z Coarse Grain,No,303.15,B,156,K156,0.021263957,0.006139313,0.006472267,0.033875537
6v9z Coarse Grain,Yes,310.15,B,156,K156,0.042138626,0.003828556,0.000900794,0.046867976
6v9z Coarse Grain,Yes,310.15,A,156,K156,0.039908968,0.010179708,0.006846626,0.056935302
6v9z Coarse Grain Repeat,Yes,310.15,B,156,K156,0.029421296,0.008495371,0.004328703,0.04224537
6v9z Coarse Grain Repeat,No,303.15,B,156,K156,0.030069468,0.004430854,0.002180667,0.036680989
6v9z Coarse Grain,No,303.15,A,156,K156,0.030305656,0.009541711,0.004069534,0.043916901
6v9z Coarse Grain Repeat,Yes,303.15,B,156,K156,0.0375417,0.008027944,0.002333477,0.047903121
6v9z Coarse Grain,No,310.15,B,156,K156,0.038472221,0.006967594,0.003101852,0.048541667
6v9z Coarse Grain Repeat,Yes,310.15,A,156,K156,0.041782408,0.007569443,0.002615741,0.051967592
6v9z Coarse Grain Repeat,Yes,303.15,A,156,K156,0.002486111,0.002402923,0.0002363,0.005125334
6v9z Coarse Grain Repeat,No,310.15,A,156,K156,0.028333244,0.006666239,0.005925688,0.040925171
6v9z Coarse Grain Repeat,No,303.15,A,156,K156,0.039624911,0.006680768,0.003319577,0.049625256
6v9z Coarse Grain,Yes,303.15,A,156,K156,0.03286119,0.008903113,0.002097254,0.043861557
6v9z Coarse Grain Repeat,No,310.15,B,156,K156,0.017523117,0.001944215,0.001041481,0.020508813
6v9z Coarse Grain,Yes,303.15,B,156,K156,0.055833313,0.003625,0.000513955,0.059972268
6v9z Coarse Grain,No,310.15,A,156,K156,0.026180555,0.007083333,0.001018518,0.034282406
6v9z Coarse Grain,Yes,303.15,B,159,K159,0.092625079,0.004930601,0.001152833,0.098708513
6v9z Coarse Grain,Yes,310.15,B,159,K159,0.099344578,0.003017821,0.000270242,0.102632641
6v9z Coarse Grain,Yes,310.15,A,159,K159,0.061192316,0.013941114,0.003423358,0.078556788
6v9z Coarse Grain Repeat,No,310.15,A,159,K159,0.093587869,0.004513723,0.002777737,0.100879329
6v9z Coarse Grain Repeat,No,310.15,B,159,K159,0.08537024,0.006527366,0.002893529,0.094791135
6v9z Coarse Grain Repeat,No,303.15,B,159,K159,0.084750133,0.006305643,0.001527757,0.092583533
6v9z Coarse Grain Repeat,Yes,303.15,A,159,K159,0.070166655,0.003111223,0.005763988,0.079041866
6v9z Coarse Grain,No,310.15,B,159,K159,0.084583333,0.007754629,0.001898148,0.09423611
6v9z Coarse Grain,No,303.15,B,159,K159,0.074500145,0.008791777,0.002694512,0.085986434
6v9z Coarse Grain,No,310.15,A,159,K159,0.085023147,0.005277777,0.001018519,0.091319443
6v9z Coarse Grain Repeat,Yes,310.15,A,159,K159,0.090208334,0.004537038,0.002546296,0.097291668
6v9z Coarse Grain Repeat,No,303.15,A,159,K159,0.054486067,0.00970829,0.009250067,0.073444424
6v9z Coarse Grain Repeat,Yes,303.15,B,159,K159,0.063555608,0.009555601,0.003097222,0.076208431
6v9z Coarse Grain,No,303.15,A,159,K159,0.078402878,0.008375157,0.001986199,0.088764234
6v9z Coarse Grain,Yes,303.15,A,159,K159,0.0657361,0.007139145,0.004763956,0.077639201
6v9z Coarse Grain Repeat,Yes,310.15,B,159,K159,0.085740741,0.006365742,0.00212963,0.094236114
6v9z Coarse Grain Repeat,No,310.15,A,160,K160,0.05773148,0.008055349,0.003842471,0.0696293
6v9z Coarse Grain,No,310.15,A,160,K160,0.060578705,0.007453703,0.001712964,0.069745372
6v9z Coarse Grain Repeat,No,310.15,B,160,K160,0.064675745,0.006781981,0.003333203,0.074790929
6v9z Coarse Grain Repeat,No,303.15,A,160,K160,0.041555633,0.009736401,0.005972344,0.057264378
6v9z Coarse Grain,Yes,303.15,B,160,K160,0.054277801,0.007347389,0.002958489,0.064583679
6v9z Coarse Grain Repeat,Yes,310.15,A,160,K160,0.067685184,0.004583332,0.001504629,0.073773145
6v9z Coarse Grain,Yes,303.15,A,160,K160,0.061069555,0.003792123,0.001958534,0.066820212
6v9z Coarse Grain,No,310.15,B,160,K160,0.057592592,0.004953704,0.005023149,0.067569445
6v9z Coarse Grain Repeat,Yes,303.15,B,160,K160,0.049625036,0.009153067,0.0039584,0.062736503
6v9z Coarse Grain Repeat,Yes,303.15,A,160,K160,0.063375077,0.004569368,0.001152812,0.069097257
6v9z Coarse Grain Repeat,Yes,310.15,B,160,K160,0.051921296,0.009976851,0.004583333,0.06648148
6v9z Coarse Grain,No,303.15,B,160,K160,0.05702781,0.007375043,0.001930699,0.066333552
6v9z Coarse Grain,Yes,310.15,B,160,K160,0.061440113,0.0048647,0.001441398,0.067746211
6v9z Coarse Grain Repeat,No,303.15,B,160,K160,0.056638913,0.006736323,0.003083478,0.066458714
6v9z Coarse Grain,Yes,310.15,A,160,K160,0.060651722,0.006261001,0.002297235,0.069209958
6v9z Coarse Grain,No,303.15,A,160,K160,0.0524722,0.007153033,0.003236168,0.062861401
6v9z Coarse Grain Repeat,Yes,303.15,A,161,T161,0.127236123,0.007708355,0.0004445,0.135388978
6v9z Coarse Grain,Yes,303.15,A,161,T161,0.147180567,0.000458322,2.78E-05,0.147666689
6v9z Coarse Grain Repeat,Yes,303.15,B,161,T161,0.100250121,0.029444467,0.0070556,0.136750188
6v9z Coarse Grain,No,310.15,A,161,T161,0.097662037,0.030162037,0.002199074,0.130023147
6v9z Coarse Grain Repeat,No,310.15,B,161,T161,0.100254636,0.019675842,0.010115741,0.130046219
6v9z Coarse Grain Repeat,No,303.15,B,161,T161,0.117694411,0.007139067,0.019083323,0.143916801
6v9z Coarse Grain Repeat,Yes,310.15,B,161,T161,0.033310185,0.040023148,0.054004629,0.127337963
6v9z Coarse Grain,Yes,310.15,B,161,T161,0.099029302,0.004526925,0.02247697,0.126033197
6v9z Coarse Grain,Yes,310.15,A,161,T161,0.11299295,0.00614851,0.015607713,0.134749173
6v9z Coarse Grain Repeat,Yes,310.15,A,161,T161,0.130555555,0.007800926,0.003171296,0.141527778
6v9z Coarse Grain,Yes,303.15,B,161,T161,0.106402779,0.003069467,0.038388866,0.147861112
6v9z Coarse Grain,No,303.15,B,161,T161,0.10940279,0.016361211,0.013722256,0.139486257
6v9z Coarse Grain Repeat,No,303.15,A,161,T161,0.091888911,0.014166745,0.024944445,0.131000101
6v9z Coarse Grain,No,303.15,A,161,T161,0.1085,0.002625078,0.018513889,0.129638967
6v9z Coarse Grain Repeat,No,310.15,A,161,T161,0.097916619,0.009791622,0.028865741,0.136573982
6v9z Coarse Grain,No,310.15,B,161,T161,0.05787037,0.017222223,0.055208333,0.130300927
6v9z Coarse Grain,Yes,303.15,A,180,S180,0,1.39E-05,0,1.39E-05
6v9z Coarse Grain,No,310.15,A,184,K184,0,2.31E-05,0,2.31E-05
6v9z Coarse Grain,Yes,310.15,B,184,K184,0.000315308,2.25E-05,4.50E-05,0.000382808
6v9z Coarse Grain Repeat,No,303.15,B,184,K184,0,0.000500022,1.39E-05,0.000513922
6v9z Coarse Grain Repeat,Yes,303.15,B,184,K184,0.000125011,0,2.78E-05,0.000152811
6v9z Coarse Grain Repeat,Yes,310.15,B,184,K184,0.000115741,0,0,0.000115741
6v9z Coarse Grain Repeat,Yes,303.15,A,184,K184,0.000222222,0,0,0.000222222
6v9z Coarse Grain,Yes,303.15,B,184,K184,0.000166678,0,0,0.000166678
6v9z Coarse Grain,Yes,303.15,A,184,K184,0.0006112,2.78E-05,2.78E-05,0.0006668
6v9z Coarse Grain,No,303.15,B,184,K184,9.73E-05,1.39E-05,0,0.0001112
6v9z Coarse Grain Repeat,No,310.15,A,184,K184,0.000347222,0,6.94E-05,0.000416622
6v9z Coarse Grain,Yes,310.15,A,184,K184,0,6.76E-05,6.76E-05,0.0001352
6v9z Coarse Grain Repeat,No,303.15,A,184,K184,0.000166667,0,0,0.000166667
6v9z Coarse Grain,No,310.15,B,184,K184,4.63E-05,2.31E-05,0,6.94E-05
6v9z Coarse Grain,No,303.15,A,184,K184,1.39E-05,0,0,1.39E-05
6v9z Coarse Grain Repeat,Yes,310.15,A,189,D189,0,2.31E-05,0,2.31E-05
6v9z Coarse Grain Repeat,No,303.15,B,189,D189,0,4.17E-05,0,4.17E-05
6v9z Coarse Grain,Yes,303.15,A,189,D189,0,1.39E-05,0,1.39E-05
6v9z Coarse Grain Repeat,No,310.15,A,189,D189,0,2.31E-05,0,2.31E-05
6v9z Coarse Grain Repeat,No,303.15,A,197,N197,0.103791799,0.027417011,0.013138923,0.144347733
6v9z Coarse Grain,Yes,310.15,B,197,N197,0.077700908,0.023557778,0.025044352,0.126303038
6v9z Coarse Grain Repeat,No,310.15,B,197,N197,0.046018386,0.061596875,0.020416445,0.128031706
6v9z Coarse Grain Repeat,Yes,303.15,B,197,N197,0.082583446,0.048041713,0.010083443,0.140708602
6v9z Coarse Grain,No,303.15,B,197,N197,0.068736244,0.040250368,0.024319412,0.133306024
6v9z Coarse Grain Repeat,Yes,310.15,A,197,N197,0.077407405,0.035787036,0.016458333,0.129652774
6v9z Coarse Grain Repeat,Yes,310.15,B,197,N197,0.073009261,0.043796293,0.015300925,0.132106479
6v9z Coarse Grain,Yes,303.15,B,197,N197,0.104777867,0.032472644,0.00887499,0.146125501
6v9z Coarse Grain,Yes,303.15,A,197,N197,0.078527823,0.043569644,0.017458489,0.139555956
6v9z Coarse Grain,No,303.15,A,197,N197,0.088263868,0.043375247,0.014958066,0.146597181
6v9z Coarse Grain,No,310.15,A,197,N197,0.081782407,0.04048611,0.012824074,0.135092592
6v9z Coarse Grain,No,310.15,B,197,N197,0.091828703,0.036550925,0.01662037,0.144999998
6v9z Coarse Grain Repeat,No,310.15,A,197,N197,0.048888849,0.065624634,0.019722023,0.134235506
6v9z Coarse Grain Repeat,Yes,303.15,A,197,N197,0.082458523,0.039222601,0.017638867,0.139319991
6v9z Coarse Grain,Yes,310.15,A,197,N197,0.061259814,0.049683636,0.021688595,0.132632045
6v9z Coarse Grain Repeat,No,303.15,B,197,N197,0.075541744,0.040930659,0.020694567,0.13716697
6v9z Coarse Grain,Yes,310.15,B,203,S203,0,0,6.76E-05,6.76E-05
6v9z Coarse Grain,Yes,303.15,B,203,S203,8.33E-05,0,0,8.33E-05
6v9z Coarse Grain,No,310.15,A,203,S203,0,2.31E-05,0,2.31E-05
6v9z Coarse Grain Repeat,No,310.15,A,221,S221,2.31E-05,0,0,2.31E-05
6v9z Coarse Grain,Yes,310.15,A,225,T225,2.25E-05,2.25E-05,0,4.50E-05
6v9z Coarse Grain Repeat,No,303.15,A,225,T225,9.72E-05,1.39E-05,1.39E-05,0.000125
6v9z Coarse Grain Repeat,No,310.15,B,225,T225,2.31E-05,0,2.31E-05,4.62E-05
6v9z Coarse Grain Repeat,Yes,310.15,B,225,T225,2.31E-05,0,0,2.31E-05
6v9z Coarse Grain,No,303.15,A,225,T225,1.39E-05,1.39E-05,2.78E-05,5.56E-05
6v9z Coarse Grain,No,310.15,A,225,T225,9.26E-05,4.63E-05,2.31E-05,0.000162037
6v9z Coarse Grain,No,303.15,B,225,T225,0.0029306,0,0,0.0029306
6v9z Coarse Grain Repeat,No,310.15,A,225,T225,4.62E-05,0,0,4.62E-05
6v9z Coarse Grain Repeat,Yes,303.15,B,225,T225,0.000333367,1.39E-05,1.39E-05,0.000361167
6v9z Coarse Grain Repeat,No,303.15,B,225,T225,0.009888867,0.002374999,0.002347267,0.014611133
6v9z Coarse Grain,Yes,303.15,A,225,T225,2.78E-05,8.33E-05,0.000611111,0.000722211
6v9z Coarse Grain Repeat,Yes,303.15,A,225,T225,6.94E-05,0,0,6.94E-05
6v9z Coarse Grain,No,310.15,B,225,T225,4.63E-05,4.63E-05,2.31E-05,0.000115741
6v9z Coarse Grain,Yes,310.15,B,225,T225,0.000180176,0.000202698,9.01E-05,0.000472974
6v9z Coarse Grain Repeat,Yes,310.15,A,225,T225,6.94E-05,2.31E-05,0,9.26E-05
6v9z Coarse Grain,No,310.15,A,226,K226,0.049699073,0.00986111,0.002129629,0.061689812
6v9z Coarse Grain Repeat,Yes,310.15,B,226,K226,0.048171297,0.007754629,0.005138888,0.061064814
6v9z Coarse Grain,No,310.15,B,226,K226,0.039305556,0.007847222,0.005277776,0.052430554
6v9z Coarse Grain,Yes,303.15,A,226,K226,0.042013834,0.004486334,0.002499956,0.049000124
6v9z Coarse Grain Repeat,Yes,310.15,A,226,K226,0.052893518,0.006111111,0.002523148,0.061527778
6v9z Coarse Grain,No,303.15,B,226,K226,0.0525,0.002125101,0.001305511,0.055930612
6v9z Coarse Grain Repeat,No,303.15,A,226,K226,0.031694478,0.004222301,0.005666868,0.041583647
6v9z Coarse Grain Repeat,No,310.15,A,226,K226,0.052314815,0.003333244,0.004074034,0.059722093
6v9z Coarse Grain,Yes,310.15,A,226,K226,0.048354799,0.003873787,0.002657509,0.054886095
6v9z Coarse Grain,Yes,310.15,B,226,K226,0.055651835,0.004301664,0.004661946,0.064615445
6v9z Coarse Grain Repeat,Yes,303.15,A,226,K226,0.050611155,0.003875112,0.001013956,0.055500223
6v9z Coarse Grain Repeat,No,303.15,B,226,K226,0.047472178,0.004236257,0.001722199,0.053430634
6v9z Coarse Grain Repeat,Yes,303.15,B,226,K226,0.051750067,0.004430745,0.002888912,0.059069724
6v9z Coarse Grain,Yes,303.15,B,226,K226,0.05543052,0.0024306,0.004208356,0.062069476
6v9z Coarse Grain,No,303.15,A,226,K226,0.043333366,0.006305755,0.003819512,0.053458633
6v9z Coarse Grain Repeat,No,310.15,B,226,K226,0.051689731,0.009398065,0.002754638,0.063842434
6v9z Coarse Grain,No,303.15,A,230,S230,0.014666667,0.000972322,0.004486143,0.020125132
6v9z Coarse Grain Repeat,Yes,303.15,B,230,S230,0.0077222,0.002041845,0.002625,0.012389045
6v9z Coarse Grain,No,310.15,B,230,S230,0.004351851,0.000925926,0.008356482,0.013634259
6v9z Coarse Grain Repeat,No,303.15,B,230,S230,0.007763945,0.000569511,0.001416656,0.009750112
6v9z Coarse Grain Repeat,Yes,310.15,A,230,S230,0.009652778,0.001412036,0.000324074,0.011388888
6v9z Coarse Grain Repeat,Yes,310.15,B,230,S230,0.00525463,0.002407407,0.006064814,0.013726851
6v9z Coarse Grain Repeat,Yes,303.15,A,230,S230,0.009916688,0.000875044,0.000277867,0.011069599
6v9z Coarse Grain Repeat,No,303.15,A,230,S230,0.009222212,0.000583344,0.002777812,0.012583368
6v9z Coarse Grain,No,310.15,A,230,S230,0.008101851,0.002939813,0.000324074,0.011365738
6v9z Coarse Grain Repeat,No,310.15,B,230,S230,0.007962913,0.0034258,0.002754541,0.014143254
6v9z Coarse Grain Repeat,No,310.15,A,230,S230,0.010786899,0.000393341,0.004537038,0.015717278
6v9z Coarse Grain,Yes,303.15,A,230,S230,0.014027823,0.000764056,0.000291678,0.015083557
6v9z Coarse Grain,No,303.15,B,230,S230,0.010763968,0.000638923,0.0013889,0.012791791
6v9z Coarse Grain,Yes,310.15,B,230,S230,0.011734003,0.001148624,0.003085515,0.015968142
6v9z Coarse Grain,Yes,303.15,B,230,S230,0.007513856,0.000347278,0.006083378,0.013944512
6v9z Coarse Grain,Yes,310.15,A,230,S230,0.008851085,0.000495374,0.000608128,0.009954587
6v9z Coarse Grain Repeat,No,310.15,B,233,K233,4.62E-05,0,2.31E-05,6.93E-05
6v9z Coarse Grain Repeat,Yes,303.15,B,233,K233,2.78E-05,0,0,2.78E-05
6v9z Coarse Grain,No,310.15,A,233,K233,0,2.31E-05,0,2.31E-05
6v9z Coarse Grain,Yes,303.15,A,233,K233,1.39E-05,0,0,1.39E-05
6v9z Coarse Grain Repeat,Yes,303.15,A,233,K233,1.39E-05,0,0,1.39E-05
6v9z Coarse Grain,No,303.15,B,233,K233,1.39E-05,0,0,1.39E-05
6v9z Coarse Grain Repeat,No,310.15,A,233,K233,2.31E-05,0,0,2.31E-05
6v9z Coarse Grain Repeat,No,310.15,B,234,S234,0,0.000393478,0,0.000393478
6v9z Coarse Grain,Yes,303.15,B,234,S234,0,0,1.39E-05,1.39E-05
6v9z Coarse Grain,No,310.15,A,234,S234,0,2.31E-05,0,2.31E-05
6v9z Coarse Grain Repeat,Yes,303.15,B,234,S234,0,1.39E-05,0,1.39E-05
6v9z Coarse Grain Repeat,No,303.15,A,234,S234,0,1.39E-05,0,1.39E-05
6v9z Coarse Grain,No,310.15,B,234,S234,0,2.31E-05,4.63E-05,6.94E-05
6v9z Coarse Grain Repeat,Yes,303.15,B,274,S274,1.39E-05,9.72E-05,0,0.0001111
6v9z Coarse Grain Repeat,No,310.15,B,274,S274,0.000671297,0,0,0.000671297
6v9z Coarse Grain,No,303.15,B,274,S274,8.34E-05,0,5.56E-05,0.000139
6v9z Coarse Grain Repeat,Yes,310.15,B,274,S274,0.000162037,0,0,0.000162037
6v9z Coarse Grain,No,310.15,A,274,S274,0,2.31E-05,0,2.31E-05
6v9z Coarse Grain,Yes,303.15,A,274,S274,1.39E-05,0,0,1.39E-05
6v9z Coarse Grain,Yes,303.15,B,274,S274,0.0002222,0,0,0.0002222
6v9z Coarse Grain Repeat,No,303.15,B,274,S274,0.000305589,2.78E-05,0,0.000333389
6v9z Coarse Grain,Yes,310.15,B,274,S274,2.25E-05,0,0,2.25E-05
6v9z Coarse Grain,Yes,303.15,B,277,T277,0.05475,0.009638911,0,0.064388911
6v9z Coarse Grain Repeat,No,310.15,B,277,T277,0.025000003,0.003148152,0.001782359,0.029930514
6v9z Coarse Grain,No,310.15,B,277,T277,0.033449074,0.01326389,0.002731481,0.049444445
6v9z Coarse Grain,Yes,310.15,B,277,T277,0.049368235,0.000945903,0.0036035,0.053917638
6v9z Coarse Grain,No,310.15,A,277,T277,0.033680556,0.004305555,0.000601852,0.038587963
6v9z Coarse Grain Repeat,No,310.15,A,277,T277,0.0513426,0.003541581,0.002731485,0.057615666
6v9z Coarse Grain,Yes,303.15,A,277,T277,0.035986134,0.013444411,0.000569444,0.049999989
6v9z Coarse Grain,No,303.15,A,277,T277,0.017263867,0.0007639,0.000638889,0.018666656
6v9z Coarse Grain Repeat,No,303.15,B,277,T277,0.028958367,0.028402754,0.002152789,0.05951391
6v9z Coarse Grain Repeat,Yes,310.15,A,277,T277,0.019652778,0.002685185,0.00900463,0.031342593
6v9z Coarse Grain Repeat,Yes,303.15,B,277,T277,0.027541712,0.022277922,0.0002778,0.050097434
6v9z Coarse Grain,No,303.15,B,277,T277,0.020986156,0.005069535,0.007027834,0.033083525
6v9z Coarse Grain Repeat,No,303.15,A,277,T277,0.015763867,0.004666666,0.014777788,0.035208321
6v9z Coarse Grain Repeat,Yes,310.15,B,277,T277,0.013101852,0.002083334,0.00287037,0.018055556
6v9z Coarse Grain,Yes,310.15,A,277,T277,0.001599063,0.006058456,0,0.007657519
6v9z Coarse Grain Repeat,Yes,303.15,A,277,T277,0.0042917,0.0005416,0.001263889,0.006097189
6v9z Coarse Grain Repeat,Yes,303.15,B,279,T279,0,1.39E-05,0,1.39E-05
6v9z Coarse Grain,No,303.15,B,279,T279,0,9.72E-05,0,9.72E-05
6v9z Coarse Grain,Yes,310.15,B,279,T279,0,2.25E-05,0,2.25E-05
6v9z Coarse Grain Repeat,No,303.15,A,279,T279,0,1.39E-05,0,1.39E-05
6v9z Coarse Grain,Yes,310.15,B,297,Q297,0.019526633,0.01058515,0.003490904,0.033602687
6v9z Coarse Grain Repeat,No,303.15,A,297,Q297,0.015444467,0.011000166,0.008430676,0.034875309
6v9z Coarse Grain Repeat,Yes,310.15,B,297,Q297,0.014282408,0.017916665,0.017037037,0.04923611
6v9z Coarse Grain Repeat,Yes,303.15,A,297,Q297,0.015138955,0.017736311,0.007750089,0.040625355
6v9z Coarse Grain,No,310.15,B,297,Q297,0.017361111,0.02576389,0.007569445,0.050694445
6v9z Coarse Grain,No,310.15,A,297,Q297,0.01486111,0.027592593,0.00238426,0.044837963
6v9z Coarse Grain Repeat,No,310.15,A,297,Q297,0.016898107,0.014536864,0.009837966,0.041272937
6v9z Coarse Grain,No,303.15,B,297,Q297,0.020541711,0.016527888,0.003027834,0.040097433
6v9z Coarse Grain Repeat,Yes,310.15,A,297,Q297,0.01787037,0.01472222,0.006597221,0.039189811
6v9z Coarse Grain,Yes,303.15,A,297,Q297,0.021902777,0.019250255,0.006263967,0.047416999
6v9z Coarse Grain Repeat,Yes,303.15,B,297,Q297,0.028652856,0.008902989,0.005263933,0.042819778
6v9z Coarse Grain Repeat,No,303.15,B,297,Q297,0.003138867,0.022250121,0.0086667,0.034055688
6v9z Coarse Grain,Yes,310.15,A,297,Q297,0.005855682,0.017499222,0.009414137,0.032769041
6v9z Coarse Grain Repeat,No,310.15,B,297,Q297,0.016805416,0.014745097,0.006620244,0.038170757
6v9z Coarse Grain,Yes,303.15,B,297,Q297,0.020458411,0.009138945,0.009708421,0.039305777
6v9z Coarse Grain,No,303.15,A,297,Q297,0.008500089,0.017013999,0.009791654,0.035305742
6v9z Coarse Grain Repeat,No,310.15,B,298,N298,0.008888804,0.021897831,0.001666593,0.032453228
6v9z Coarse Grain,Yes,303.15,B,298,N298,0.006819422,0.0194445,0.001486289,0.027750211
6v9z Coarse Grain,No,303.15,A,298,N298,0.008138843,0.021333447,0.002027889,0.031500179
6v9z Coarse Grain Repeat,Yes,303.15,A,298,N298,0.006236044,0.019972289,0.002722322,0.028930655
6v9z Coarse Grain Repeat,Yes,310.15,A,298,N298,0.003842593,0.025185185,0.002199075,0.031226852
6v9z Coarse Grain,No,303.15,B,298,N298,0.0102501,0.020027843,0.000694589,0.030972532
6v9z Coarse Grain Repeat,No,303.15,A,298,N298,0.010486177,0.025014045,0.003139011,0.038639233
6v9z Coarse Grain,Yes,303.15,A,298,N298,0.011833332,0.025666812,0.001583355,0.039083499
6v9z Coarse Grain,Yes,310.15,B,298,N298,0.008580901,0.023152622,0.001801662,0.033535185
6v9z Coarse Grain Repeat,Yes,310.15,B,298,N298,0.011643518,0.017476851,0.003263888,0.032384257
6v9z Coarse Grain,No,310.15,B,298,N298,0.016087963,0.02837963,0.00099537,0.045462964
6v9z Coarse Grain Repeat,No,310.15,A,298,N298,0.012777741,0.022059954,0.002013766,0.036851461
6v9z Coarse Grain Repeat,Yes,303.15,B,298,N298,0.012444565,0.018694399,0.001180722,0.032319686
6v9z Coarse Grain,Yes,310.15,A,298,N298,0.002950373,0.02326489,0.00218457,0.028399833
6v9z Coarse Grain,No,310.15,A,298,N298,0.013773148,0.032106482,0.000740741,0.046620371
6v9z Coarse Grain Repeat,No,303.15,B,298,N298,0.003472244,0.035402889,0.002111034,0.040986167
6v9z Coarse Grain,Yes,303.15,B,299,S299,0.101055587,0.049125299,0.006930634,0.15711152
6v9z Coarse Grain,No,310.15,A,299,S299,0.077731481,0.042569439,0.004189815,0.124490735
6v9z Coarse Grain Repeat,Yes,310.15,A,299,S299,0.06275463,0.076458333,0.018749999,0.157962962
6v9z Coarse Grain Repeat,No,310.15,A,299,S299,0.067222126,0.05243034,0.01085629,0.130508756
6v9z Coarse Grain Repeat,Yes,303.15,A,299,S299,0.123430578,0.03234742,0.000639023,0.156417021
6v9z Coarse Grain Repeat,No,310.15,B,299,S299,0.08516194,0.046481139,0.009282181,0.14092526
6v9z Coarse Grain,No,303.15,A,299,S299,0.075055633,0.060944735,0.005222368,0.141222736
6v9z Coarse Grain,No,303.15,B,299,S299,0.088930544,0.03020833,0.009097299,0.128236173
6v9z Coarse Grain Repeat,Yes,310.15,B,299,S299,0.101203702,0.035763888,0.007407405,0.144374995
6v9z Coarse Grain,Yes,303.15,A,299,S299,0.092097314,0.057916934,0.007666711,0.157680959
6v9z Coarse Grain,Yes,310.15,A,299,S299,0.091033933,0.064728029,0.005495173,0.161257135
6v9z Coarse Grain,Yes,310.15,B,299,S299,0.071845229,0.049165371,0.008220461,0.129231061
6v9z Coarse Grain Repeat,No,303.15,A,299,S299,0.064250032,0.066153036,0.012138989,0.142542057
6v9z Coarse Grain,No,310.15,B,299,S299,0.067037038,0.047384263,0.008425926,0.122847227
6v9z Coarse Grain Repeat,Yes,303.15,B,299,S299,0.084347155,0.03468068,0.014152853,0.133180688
6v9z Coarse Grain Repeat,No,303.15,B,299,S299,0.055069546,0.06737489,0.008569443,0.131013879
6v9z Coarse Grain,No,303.15,B,300,S300,0.110500079,0.029333687,0.012416678,0.152250444
6v9z Coarse Grain,Yes,303.15,A,300,S300,0.105930557,0.054666833,0.008013857,0.168611247
6v9z Coarse Grain Repeat,Yes,310.15,A,300,S300,0.057893519,0.069814815,0.018101852,0.145810186
6v9z Coarse Grain Repeat,No,303.15,A,300,S300,0.076125044,0.052958577,0.018847142,0.147930763
6v9z Coarse Grain,No,310.15,A,300,S300,0.117106482,0.030439817,0.005462963,0.153009261
6v9z Coarse Grain Repeat,No,310.15,A,300,S300,0.108611022,0.03699044,0.006620322,0.152221784
6v9z Coarse Grain Repeat,Yes,303.15,B,300,S300,0.114500011,0.034291992,0.006347335,0.155139338
6v9z Coarse Grain,No,310.15,B,300,S300,0.10900463,0.025763888,0.004398148,0.139166667
6v9z Coarse Grain,Yes,303.15,B,300,S300,0.139625034,0.036889391,0.002152666,0.178667091
6v9z Coarse Grain Repeat,No,310.15,B,300,S300,0.080023148,0.056573856,0.010254503,0.146851507
6v9z Coarse Grain Repeat,No,303.15,B,300,S300,0.108430667,0.043986211,0.005361288,0.157778166
6v9z Coarse Grain Repeat,Yes,310.15,B,300,S300,0.108796297,0.032384257,0.006944445,0.148124999
6v9z Coarse Grain,No,303.15,A,300,S300,0.113458289,0.034597477,0.004666745,0.152722511
6v9z Coarse Grain Repeat,Yes,303.15,A,300,S300,0.101152832,0.049764042,0.006833422,0.157750296
6v9z Coarse Grain,Yes,310.15,B,300,S300,0.110673104,0.03416581,0.008333156,0.15317207
6v9z Coarse Grain,Yes,310.15,A,300,S300,0.110425398,0.037724291,0.005540428,0.153690117
6v9z Coarse Grain Repeat,Yes,303.15,B,317,T317,0.011416667,0.005263889,0.001069455,0.017750011
6v9z Coarse Grain,Yes,310.15,A,317,T317,0.00011261,0,0,0.00011261
6v9z Coarse Grain,Yes,303.15,A,317,T317,0.055013889,0.012388889,0,0.067402778
6v9z Coarse Grain Repeat,Yes,303.15,A,317,T317,0.002166667,0,0,0.002166667
6v9z Coarse Grain,No,303.15,A,317,T317,0.006388889,0,0,0.006388889
6v9z Coarse Grain,No,310.15,A,317,T317,0.027337963,0.009513889,0,0.036851852
6v9z Coarse Grain Repeat,No,310.15,A,317,T317,0.012337963,0.002731485,0.003425926,0.018495374
6v9z Coarse Grain Repeat,No,310.15,B,317,T317,0.004652777,0.029768518,0.000717548,0.035138843
6v9z Coarse Grain,No,310.15,B,317,T317,0.021087963,0.037916667,0,0.05900463
6v9z Coarse Grain,No,303.15,B,317,T317,0.027250044,0.004888844,0,0.032138888
6v9z Coarse Grain Repeat,Yes,310.15,A,317,T317,0.000949074,0,0.000694444,0.001643518
6v9z Coarse Grain Repeat,Yes,310.15,B,317,T317,0.019328704,0.003726851,0.000694444,0.023749999
6v9z Coarse Grain,Yes,310.15,B,317,T317,0.002387334,0.004639535,0.000202676,0.007229545
6v9z Coarse Grain Repeat,No,303.15,B,317,T317,0.002777778,0.013611155,0.003486155,0.019875088
6v9z Coarse Grain,Yes,303.15,B,317,T317,0.041819444,0.020763889,0.000138889,0.062722222
6v9z Coarse Grain Repeat,No,303.15,A,317,T317,0.013666667,0.002319445,0,0.015986112
6v9z Coarse Grain Repeat,Yes,310.15,A,320,N320,0.031296296,0,0.006828704,0.038125
6v9z Coarse Grain,Yes,310.15,A,320,N320,0.005044931,2.25E-05,0,0.005067431
6v9z Coarse Grain Repeat,No,310.15,A,320,N320,0.019699074,0.003125,0.005347222,0.028171296
6v9z Coarse Grain,No,310.15,A,320,N320,0.04962963,0.007754629,0,0.057384259
6v9z Coarse Grain,No,310.15,B,320,N320,0.041388889,0.056944445,0,0.098333334
6v9z Coarse Grain,Yes,310.15,B,320,N320,0.010833089,0.002072025,0.00022522,0.013130334
6v9z Coarse Grain,No,303.15,B,320,N320,0.0571667,0.006736067,0,0.063902767
6v9z Coarse Grain Repeat,Yes,303.15,B,320,N320,0.012361111,0.00375,0.000875022,0.016986133
6v9z Coarse Grain,Yes,303.15,B,320,N320,0.033805555,0.01475,0,0.048555555
6v9z Coarse Grain Repeat,No,303.15,B,320,N320,0.0012222,0.011541644,0.001986133,0.014749977
6v9z Coarse Grain Repeat,No,310.15,B,320,N320,0.015740748,0.044907407,0.000486119,0.061134274
6v9z Coarse Grain,No,303.15,A,320,N320,0.077166678,0,0,0.077166678
6v9z Coarse Grain Repeat,Yes,310.15,B,320,N320,0.019722223,0.00261574,0.00037037,0.022708333
6v9z Coarse Grain Repeat,No,303.15,A,320,N320,0.016222222,0.005069444,0,0.021291666
6v9z Coarse Grain,Yes,303.15,A,320,N320,0.035222222,0.007750022,0,0.042972244
6v9z Coarse Grain Repeat,Yes,303.15,A,320,N320,0.013916667,0,0,0.013916667
6v9z Coarse Grain Repeat,Yes,310.15,B,321,K321,0.067407409,0.003518518,0.001504629,0.072430557
6v9z Coarse Grain,No,310.15,A,321,K321,0.077685185,0.004490741,2.31E-05,0.082199075
6v9z Coarse Grain,No,310.15,B,321,K321,0.074375,0.00337963,0.000972221,0.07872685
6v9z Coarse Grain,Yes,310.15,B,321,K321,0.072881242,0.005743126,0.00058555,0.079209918
6v9z Coarse Grain Repeat,Yes,303.15,A,321,K321,0.072416667,0.007319444,0.000999978,0.080736089
6v9z Coarse Grain Repeat,No,303.15,B,321,K321,0.007902889,0.014722354,0.010041767,0.03266701
6v9z Coarse Grain,No,303.15,A,321,K321,0.069444377,0,0,0.069444377
6v9z Coarse Grain Repeat,No,310.15,A,321,K321,0.082129629,0.008842548,0.002824026,0.093796203
6v9z Coarse Grain,Yes,303.15,A,321,K321,0.075138932,0.003222233,0.001708333,0.080069498
6v9z Coarse Grain,Yes,310.15,A,321,K321,0.088961993,0,0.000540562,0.089502555
6v9z Coarse Grain Repeat,Yes,303.15,B,321,K321,0.056541711,0.008833288,0.004944501,0.0703195
6v9z Coarse Grain Repeat,No,303.15,A,321,K321,0.081416722,0.003874977,1.39E-05,0.085305599
6v9z Coarse Grain,Yes,303.15,B,321,K321,0.093749989,0.001000045,0.0030139,0.097763934
6v9z Coarse Grain Repeat,Yes,310.15,A,321,K321,0.062037037,0.000162037,0.006689814,0.068888888
6v9z Coarse Grain,No,303.15,B,321,K321,0.075097245,0.004361244,0.000777711,0.0802362
6v9z Coarse Grain Repeat,No,310.15,B,321,K321,0.055833292,0.007569404,0.005625003,0.069027699
6v9z Coarse Grain Repeat,Yes,303.15,A,324,Q324,0.017444444,0,0.000777778,0.018222222
6v9z Coarse Grain,No,303.15,B,324,Q324,0.024347244,0.001777867,0,0.026125111
6v9z Coarse Grain Repeat,Yes,303.15,B,324,Q324,0.024347233,0.004430533,0.0019028,0.030680566
6v9z Coarse Grain,Yes,310.15,B,324,Q324,0.018175266,0.000855837,2.25E-05,0.019053603
6v9z Coarse Grain Repeat,Yes,310.15,B,324,Q324,0.02175926,0.001134259,6.94E-05,0.022962964
6v9z Coarse Grain,No,310.15,B,324,Q324,0.008680555,0.008819445,0.000231481,0.017731481
6v9z Coarse Grain,No,310.15,A,324,Q324,0.010462963,0.003356482,0,0.013819445
6v9z Coarse Grain,Yes,303.15,B,324,Q324,0.050263889,0.003444445,0.0061667,0.059875034
6v9z Coarse Grain Repeat,Yes,310.15,A,324,Q324,0.056319444,0,0.006967593,0.063287037
6v9z Coarse Grain Repeat,No,303.15,B,324,Q324,0.005013889,0.002777756,0.009694456,0.017486101
6v9z Coarse Grain Repeat,No,303.15,A,324,Q324,0.023819444,0.009263889,0,0.033083333
6v9z Coarse Grain,Yes,303.15,A,324,Q324,0.0283194,0.0046389,0.001583367,0.034541667
6v9z Coarse Grain Repeat,No,310.15,A,324,Q324,0.01363426,0.00074074,0.010555563,0.024930563
6v9z Coarse Grain,Yes,310.15,A,324,Q324,0.015112273,0,0,0.015112273
6v9z Coarse Grain Repeat,No,310.15,B,324,Q324,0.019953708,0.013680511,0.008425926,0.042060145
6v9z Coarse Grain,No,303.15,A,324,Q324,0.064291644,0,0,0.064291644
6v9z Coarse Grain Repeat,Yes,303.15,A,325,N325,0.214152734,0.004166633,0.013819466,0.232138833
6v9z Coarse Grain,No,303.15,A,325,N325,0.160277777,0.000722223,0,0.161
6v9z Coarse Grain Repeat,No,310.15,B,325,N325,0.047337925,0.016666532,0.03905093,0.103055387
6v9z Coarse Grain Repeat,Yes,310.15,B,325,N325,0.027476852,0.00849537,0.001736111,0.037708333
6v9z Coarse Grain,Yes,310.15,A,325,N325,0.123172879,0.002319767,0.00594578,0.131438426
6v9z Coarse Grain,No,310.15,A,325,N325,0.096574074,4.63E-05,0.002893519,0.09951389
6v9z Coarse Grain,No,303.15,B,325,N325,0.125736167,0.005513865,0.015430589,0.146680621
6v9z Coarse Grain,Yes,303.15,A,325,N325,0.074972233,0.014777756,0.014902778,0.104652767
6v9z Coarse Grain Repeat,No,303.15,A,325,N325,0.034972233,0.022750122,0.006291668,0.064014023
6v9z Coarse Grain,Yes,303.15,B,325,N325,0.035722234,0.014125111,0.044097377,0.093944722
6v9z Coarse Grain,Yes,310.15,B,325,N325,0.092790737,0.00666654,0.004616991,0.104074268
6v9z Coarse Grain Repeat,No,303.15,B,325,N325,0.013791667,0.003541776,0.015888877,0.03322232
6v9z Coarse Grain Repeat,Yes,303.15,B,325,N325,0.040847178,0.009666756,0.013875011,0.064388945
6v9z Coarse Grain,No,310.15,B,325,N325,0.072893517,0.021689814,0.022453705,0.117037036
6v9z Coarse Grain Repeat,No,310.15,A,325,N325,0.069236111,0.010277693,0.008726763,0.088240567
6v9z Coarse Grain Repeat,Yes,310.15,A,325,N325,0.07162037,0.015162036,0.039745371,0.126527778
6v9z Coarse Grain,No,310.15,B,327,N327,0,0.001412037,0,0.001412037
6v9z Coarse Grain,No,303.15,B,327,N327,0,0.000138889,0,0.000138889
6v9z Coarse Grain Repeat,No,303.15,A,327,N327,0,0.000888889,0,0.000888889
6v9z Coarse Grain Repeat,No,310.15,B,327,N327,0,0.002800885,0,0.002800885
6v9z Coarse Grain,Yes,303.15,A,327,N327,0,0.000458333,0,0.000458333
6v9z Coarse Grain Repeat,Yes,310.15,A,327,N327,0,0,2.31E-05,2.31E-05
6v9z Coarse Grain,No,303.15,A,328,R328,0.003847222,0,0,0.003847222
6v9z Coarse Grain,Yes,303.15,A,328,R328,0,0,1.39E-05,1.39E-05
6v9z Coarse Grain Repeat,No,303.15,A,328,R328,0.004541689,0.003125,0,0.007666689
6v9z Coarse Grain,Yes,310.15,A,328,R328,0.023557984,6.76E-05,0,0.023625584
6v9z Coarse Grain Repeat,No,310.15,B,328,R328,2.31E-05,2.31E-05,0,4.62E-05
6v9z Coarse Grain,Yes,303.15,B,328,R328,0.000597222,2.78E-05,0.000361111,0.000986133
6v9z Coarse Grain Repeat,Yes,303.15,A,328,R328,0.040472222,0,5.56E-05,0.040527822
6v9z Coarse Grain,No,303.15,B,329,Q329,0.004916667,0.0026251,0.000902655,0.008444422
6v9z Coarse Grain,No,310.15,A,329,Q329,0.000625,0,0.000555556,0.001180556
6v9z Coarse Grain Repeat,No,303.15,B,329,Q329,0.0001112,0.001597289,0.001319522,0.003028011
6v9z Coarse Grain,Yes,303.15,A,329,Q329,0.008333333,0.0075,0.002833345,0.018666678
6v9z Coarse Grain Repeat,Yes,303.15,A,329,Q329,0.000888978,0.002249912,0.001652734,0.004791624
6v9z Coarse Grain,No,303.15,A,329,Q329,0.006402778,0.001458334,0.000125,0.007986112
6v9z Coarse Grain,Yes,310.15,A,329,Q329,0.025382312,0.002792685,0.001351277,0.029526274
6v9z Coarse Grain,No,310.15,B,329,Q329,0.000486111,0.004791667,0.000671296,0.005949075
6v9z Coarse Grain,Yes,303.15,B,329,Q329,0.002347256,0.0014861,0.0048889,0.008722256
6v9z Coarse Grain Repeat,No,310.15,A,329,Q329,0.000416674,0.002036996,0.002592593,0.005046263
6v9z Coarse Grain Repeat,Yes,303.15,B,329,Q329,0.002791689,0.003138933,0.003694467,0.009625089
6v9z Coarse Grain Repeat,No,310.15,B,329,Q329,0.002592545,0.005879493,0.005208289,0.013680327
6v9z Coarse Grain Repeat,Yes,310.15,B,329,Q329,0.001319444,0.00037037,4.63E-05,0.001736111
6v9z Coarse Grain Repeat,No,303.15,A,329,Q329,0.001611133,0.001444589,0.001944466,0.005000188
6v9z Coarse Grain,Yes,310.15,B,329,Q329,0.002162113,0.00036032,0.001351321,0.003873754
6v9z Coarse Grain Repeat,Yes,310.15,A,329,Q329,0.012615741,0.010277778,0.006921296,0.029814815
6v9z Coarse Grain Repeat,No,303.15,B,370,T370,1.39E-05,0.001444489,0.0001667,0.001625089
6v9z Coarse Grain Repeat,Yes,310.15,B,370,T370,0,0.000162037,2.31E-05,0.000185185
6v9z Coarse Grain,No,303.15,A,370,T370,0.005958367,0.001222256,0.000819445,0.008000068
6v9z Coarse Grain Repeat,No,310.15,A,370,T370,0.000972223,0.000439737,0.001435096,0.002847056
6v9z Coarse Grain Repeat,Yes,303.15,A,370,T370,5.56E-05,0.000708389,0.0002779,0.001041889
6v9z Coarse Grain,No,310.15,B,370,T370,0.001087963,0.001435185,0.000324074,0.002847222
6v9z Coarse Grain,Yes,303.15,B,370,T370,0.0001528,0.000138911,0.000527878,0.000819589
6v9z Coarse Grain Repeat,No,303.15,A,370,T370,0.003486167,0.001111145,0.000652733,0.005250045
6v9z Coarse Grain Repeat,No,310.15,B,370,T370,0.000509215,0.003634082,0.000323941,0.004467238
6v9z Coarse Grain Repeat,Yes,310.15,A,370,T370,0.000486111,0.003726852,0.000439815,0.004652777
6v9z Coarse Grain,Yes,310.15,B,370,T370,0.001959349,0.000360354,0.000450352,0.002770055
6v9z Coarse Grain,No,310.15,A,370,T370,0.00037037,0,4.63E-05,0.000416666
6v9z Coarse Grain,Yes,303.15,A,370,T370,0.000763955,0.0035834,0.000347344,0.004694699
6v9z Coarse Grain,Yes,310.15,A,370,T370,0.000923414,0.001891829,0.0002252,0.003040443
6v9z Coarse Grain,No,303.15,B,370,T370,8.33E-05,0.002972289,9.72E-05,0.003152789
6v9z Coarse Grain Repeat,Yes,303.15,B,370,T370,9.73E-05,0.00181949,0.000277811,0.002194601
6v9z Coarse Grain,No,310.15,B,373,K373,0.002708333,0.00150463,4.63E-05,0.004259259
6v9z Coarse Grain Repeat,Yes,310.15,A,373,K373,0.020648149,0.001851851,0.001226851,0.023726851
6v9z Coarse Grain,Yes,310.15,A,373,K373,0.001328812,0.0001125,6.75E-05,0.001508812
6v9z Coarse Grain,No,303.15,B,373,K373,0.002083311,0.001500123,0.001277789,0.004861223
6v9z Coarse Grain Repeat,Yes,303.15,B,373,K373,0.003916688,0.000611344,0.000763945,0.005291977
6v9z Coarse Grain Repeat,No,310.15,A,373,K373,0.009837928,0.001759173,0.000833241,0.012430342
6v9z Coarse Grain,Yes,303.15,B,373,K373,0.003013922,0.000791567,0.0002778,0.004083289
6v9z Coarse Grain,Yes,310.15,B,373,K373,0.002927842,0.00056282,0.000495452,0.003986114
6v9z Coarse Grain Repeat,No,303.15,B,373,K373,5.56E-05,0.000305622,0.0001111,0.000472322
6v9z Coarse Grain Repeat,No,310.15,B,373,K373,0.007036996,0.001504226,0.001573837,0.010115059
6v9z Coarse Grain Repeat,Yes,303.15,A,373,K373,0.001527877,5.56E-05,6.95E-05,0.001652977
6v9z Coarse Grain,Yes,303.15,A,373,K373,0.015555612,0.001180734,0.000833356,0.017569702
6v9z Coarse Grain,No,303.15,A,373,K373,0.006625001,0.000361133,0.0001527,0.007138834
6v9z Coarse Grain,No,310.15,A,373,K373,0.00074074,6.94E-05,2.31E-05,0.000833333
6v9z Coarse Grain Repeat,No,303.15,A,373,K373,0.001361177,0.000208411,2.78E-05,0.001597388
6v9z Coarse Grain Repeat,Yes,310.15,B,373,K373,0.002083332,0.000625,0.000277778,0.00298611
6v9z Coarse Grain Repeat,Yes,310.15,B,374,S374,0.002986111,0.00199074,0.00037037,0.00534722
6v9z Coarse Grain,No,310.15,B,374,S374,0.003449074,0.006550925,0.001689814,0.011689813
6v9z Coarse Grain Repeat,Yes,303.15,A,374,S374,0.003249978,0.003638834,0.006097189,0.012986001
6v9z Coarse Grain Repeat,No,303.15,B,374,S374,0.003180556,0.003041678,0.004361178,0.010583412
6v9z Coarse Grain,Yes,310.15,B,374,S374,0.004504393,0.001869217,0.002680076,0.009053686
6v9z Coarse Grain,No,310.15,A,374,S374,0.026342593,2.31E-05,0.003425926,0.029791667
6v9z Coarse Grain Repeat,Yes,303.15,B,374,S374,0.003888944,0.006500077,0.008027778,0.018416799
6v9z Coarse Grain Repeat,No,303.15,A,374,S374,0.006138844,0.00143059,0.003791733,0.011361167
6v9z Coarse Grain,No,303.15,B,374,S374,0.012374989,0.004833445,0.00148619,0.018694624
6v9z Coarse Grain Repeat,Yes,310.15,A,374,S374,0.020023149,0.009722221,0.008819445,0.038564815
6v9z Coarse Grain Repeat,No,310.15,A,374,S374,0.003055508,0.005416671,0.003865644,0.012337823
6v9z Coarse Grain Repeat,No,310.15,B,374,S374,0.003749911,0.008286764,0.007060185,0.01909686
6v9z Coarse Grain,Yes,303.15,A,374,S374,0.014750056,0.014500022,0.002958333,0.032208411
6v9z Coarse Grain,No,303.15,A,374,S374,0.010180568,0.002583334,0.000583333,0.013347235
6v9z Coarse Grain,Yes,303.15,B,374,S374,0.006083445,0.003430522,0.010236188,0.019750155
6v9z Coarse Grain,Yes,310.15,A,374,S374,0.012972727,0.006396142,0.001193634,0.020562503
6v9z Coarse Grain,No,310.15,A,377,K377,0.062893519,0.001666667,0.000902778,0.065462963
6v9z Coarse Grain,Yes,303.15,B,377,K377,0.021472246,0.0057085,0.005986155,0.033166901
6v9z Coarse Grain Repeat,Yes,303.15,B,377,K377,0.021194468,0.005972256,0.003402811,0.030569535
6v9z Coarse Grain,No,303.15,B,377,K377,0.015930613,0.002236223,0.00227779,0.020444626
6v9z Coarse Grain,Yes,303.15,A,377,K377,0.027777833,0.005541813,0.003555522,0.036875168
6v9z Coarse Grain Repeat,Yes,310.15,B,377,K377,6.94E-05,0.001273148,0.000138889,0.001481482
6v9z Coarse Grain Repeat,Yes,310.15,A,377,K377,0.026527777,0.003194444,0.001689814,0.031412036
6v9z Coarse Grain,No,303.15,A,377,K377,0.02768049,0.002791778,0.001861122,0.03233339
6v9z Coarse Grain Repeat,No,303.15,A,377,K377,0.035527889,0.005097365,0.001069444,0.041694698
6v9z Coarse Grain Repeat,No,303.15,B,377,K377,0.010472276,0.005986266,0.005208357,0.021666899
6v9z Coarse Grain,Yes,310.15,A,377,K377,0.050539403,0.003063007,0.00290542,0.05650783
6v9z Coarse Grain,Yes,310.15,B,377,K377,0.029661493,0.006689005,0.001824207,0.038174705
6v9z Coarse Grain Repeat,Yes,303.15,A,377,K377,0.028416699,0.002528033,0.005847256,0.036791988
6v9z Coarse Grain Repeat,No,310.15,B,377,K377,0.019120336,0.005231209,0.004212822,0.028564367
6v9z Coarse Grain,No,310.15,B,377,K377,0.025787037,0.005416665,0.001388889,0.032592592
6v9z Coarse Grain Repeat,No,310.15,A,377,K377,0.023078607,0.008171296,0.003749859,0.034999762
6v9z Coarse Grain Repeat,No,310.15,A,384,N384,0.005694396,0.000648104,0.000601852,0.006944352
6v9z Coarse Grain Repeat,Yes,303.15,B,384,N384,0.003805568,0.002069467,0.002916666,0.008791701
6v9z Coarse Grain,No,303.15,B,384,N384,0.001111089,0.002375168,0.002805555,0.006291812
6v9z Coarse Grain Repeat,No,303.15,A,384,N384,0.006041668,0.005986088,0.000291689,0.012319445
6v9z Coarse Grain Repeat,Yes,310.15,A,384,N384,0.006273148,0.000231481,0.000277778,0.006782407
6v9z Coarse Grain Repeat,Yes,303.15,A,384,N384,0.004638877,0.001013922,0.001944468,0.007597267
6v9z Coarse Grain,No,303.15,A,384,N384,0.00025,0.001166667,0,0.001416667
6v9z Coarse Grain,Yes,303.15,A,384,N384,0.021166666,0.0073333,0.008111111,0.036611077
6v9z Coarse Grain Repeat,No,303.15,B,384,N384,0.001611122,0.010638944,0.005750066,0.018000132
6v9z Coarse Grain,Yes,310.15,A,384,N384,0.0002702,0.001058592,0.001666697,0.002995489
6v9z Coarse Grain,No,310.15,B,384,N384,0.003194444,6.94E-05,0.000439814,0.003703703
6v9z Coarse Grain Repeat,Yes,310.15,B,384,N384,0.010625,0.011967595,0.001736112,0.024328707
6v9z Coarse Grain,Yes,303.15,B,384,N384,0.016833333,0.008041666,0.016333377,0.041208376
6v9z Coarse Grain Repeat,No,310.15,B,384,N384,0.007152682,0.000555515,6.94E-05,0.007777597
6v9z Coarse Grain,Yes,310.15,B,384,N384,0.011441162,0.004932223,0.000810793,0.017184178
6v9z Coarse Grain,No,310.15,A,384,N384,0.005138889,0.000185185,0.000625001,0.005949075
6v9z Coarse Grain Repeat,No,310.15,B,386,S386,0,0.000717544,0,0.000717544
6v9z Coarse Grain,No,310.15,B,386,S386,0,4.63E-05,0,4.63E-05
6v9z Coarse Grain Repeat,No,310.15,B,389,T389,0,0.000231437,0,0.000231437
6v9z Coarse Grain Repeat,Yes,310.15,A,407,N407,0.020532408,0.035717594,0.013194444,0.069444446
6v9z Coarse Grain,Yes,310.15,A,407,N407,0.054953718,0.013805953,0.007995293,0.076754964
6v9z Coarse Grain Repeat,No,303.15,B,407,N407,0.053569489,0.020625256,0.006805555,0.0810003
6v9z Coarse Grain,Yes,303.15,A,407,N407,0.054430588,0.024694579,0.005083367,0.084208534
6v9z Coarse Grain,No,310.15,B,407,N407,0.075578703,0.012453703,0.000578703,0.088611109
6v9z Coarse Grain Repeat,No,310.15,A,407,N407,0.056921296,0.014860752,0.00682866,0.078610708
6v9z Coarse Grain,Yes,303.15,B,407,N407,0.069819445,0.017347411,0.000902722,0.088069578
6v9z Coarse Grain Repeat,Yes,303.15,B,407,N407,0.049375077,0.027083378,0.002361111,0.078819566
6v9z Coarse Grain Repeat,Yes,303.15,A,407,N407,0.023347234,0.034208376,0.011986078,0.069541688
6v9z Coarse Grain,No,303.15,B,407,N407,0.059180555,0.012527833,0.008347256,0.080055644
6v9z Coarse Grain Repeat,Yes,310.15,B,407,N407,0.052152776,0.019560184,0.007407407,0.079120367
6v9z Coarse Grain Repeat,No,303.15,A,407,N407,0.041624967,0.020708534,0.017875101,0.080208602
6v9z Coarse Grain,Yes,310.15,B,407,N407,0.054818563,0.017995049,0.006238575,0.079052187
6v9z Coarse Grain,No,303.15,A,407,N407,0.05545829,0.0162084,0.002264022,0.073930712
6v9z Coarse Grain Repeat,No,310.15,B,407,N407,0.032083333,0.03319437,0.009166619,0.074444322
6v9z Coarse Grain,No,310.15,A,407,N407,0.056504629,0.015740741,0.003935186,0.076180556
6v9z Coarse Grain Repeat,No,310.15,B,410,K410,0,4.62E-05,6.94E-05,0.0001156
6v9z Coarse Grain Repeat,Yes,303.15,A,410,K410,5.56E-05,5.56E-05,0,0.0001112
6v9z Coarse Grain Repeat,Yes,310.15,B,410,K410,4.63E-05,0,0,4.63E-05
6v9z Coarse Grain Repeat,No,310.15,A,410,K410,0.000277733,0,0,0.000277733
6v9z Coarse Grain,No,310.15,B,410,K410,0,9.26E-05,0,9.26E-05
6v9z Coarse Grain Repeat,No,303.15,B,410,K410,0.0001667,0,0,0.0001667
6v9z Coarse Grain,Yes,310.15,B,410,K410,0.000247754,4.50E-05,0,0.000292754
6v9z Coarse Grain,No,303.15,A,410,K410,0.000291678,0.000152778,1.39E-05,0.000458356
6v9z Coarse Grain Repeat,Yes,303.15,B,410,K410,5.56E-05,0,0,5.56E-05
6v9z Coarse Grain,No,310.15,A,410,K410,0.002546296,0.000300926,9.26E-05,0.002939815
6v9z Coarse Grain Repeat,Yes,310.15,A,410,K410,2.31E-05,0,0,2.31E-05
6v9z Coarse Grain,Yes,303.15,B,410,K410,0.000388878,8.33E-05,0,0.000472178
6v9z Coarse Grain,No,303.15,B,410,K410,0.000208344,0,4.17E-05,0.000250044
6v9z Coarse Grain,Yes,303.15,A,410,K410,0.0001667,1.39E-05,0,0.0001806
6v9z Coarse Grain Repeat,No,303.15,A,410,K410,4.17E-05,0,5.56E-05,9.73E-05
6v9z Coarse Grain,Yes,310.15,A,410,K410,0.000270242,4.50E-05,0,0.000315242
6v9z Coarse Grain Repeat,No,310.15,B,412,N412,0.024699048,0.031157323,0.006851619,0.06270799
6v9z Coarse Grain Repeat,Yes,303.15,A,412,N412,0.017361277,0.029555735,0.007888922,0.054805934
6v9z Coarse Grain Repeat,Yes,310.15,B,412,N412,0.045115741,0.01636574,0.00599537,0.067476851
6v9z Coarse Grain Repeat,No,310.15,A,412,N412,0.045948989,0.016110751,0.003935152,0.065994892
6v9z Coarse Grain,No,303.15,B,412,N412,0.053180702,0.018264144,0.008805634,0.08025048
6v9z Coarse Grain,No,310.15,B,412,N412,0.056226852,0.019444441,0.000694444,0.076365736
6v9z Coarse Grain,Yes,310.15,B,412,N412,0.041305399,0.018040147,0.004391662,0.063737208
6v9z Coarse Grain,Yes,310.15,A,412,N412,0.028017376,0.012882441,0.002567433,0.04346725
6v9z Coarse Grain,Yes,303.15,B,412,N412,0.050138956,0.016583411,0.000708422,0.067430789
6v9z Coarse Grain Repeat,No,303.15,A,412,N412,0.026791677,0.020153067,0.009764022,0.056708766
6v9z Coarse Grain,No,303.15,A,412,N412,0.038902822,0.013958687,0.001416889,0.054278398
6v9z Coarse Grain,Yes,303.15,A,412,N412,0.042124921,0.024083598,0.004777889,0.070986408
6v9z Coarse Grain Repeat,Yes,310.15,A,412,N412,0.012060186,0.026226853,0.00849537,0.046782409
6v9z Coarse Grain,No,310.15,A,412,N412,0.052800927,0.027199075,0.00349537,0.083495372
6v9z Coarse Grain Repeat,No,303.15,B,412,N412,0.043527799,0.024333391,0.005722267,0.073583457
6v9z Coarse Grain Repeat,Yes,303.15,B,412,N412,0.039527823,0.020027911,0.001805656,0.06136139
6v9z Coarse Grain Repeat,No,310.15,A,414,S414,0.008749999,0.007893232,0.006365693,0.023008924
6v9z Coarse Grain Repeat,No,310.15,B,414,S414,0.007013841,0.007291536,0.008171251,0.022476628
6v9z Coarse Grain Repeat,No,303.15,A,414,S414,0.008861134,0.004916757,0.006180557,0.019958448
6v9z Coarse Grain,No,303.15,A,414,S414,0.005569444,0.011847357,0.011097235,0.028514036
6v9z Coarse Grain Repeat,Yes,310.15,A,414,S414,0.005509259,0.007407409,0.004537036,0.017453705
6v9z Coarse Grain,No,310.15,A,414,S414,0.011041667,0.021828703,0.003773147,0.036643517
6v9z Coarse Grain Repeat,Yes,303.15,A,414,S414,0.003250033,0.00805569,0.007902767,0.01920849
6v9z Coarse Grain,Yes,310.15,B,414,S414,0.011801535,0.007454657,0.005247596,0.024503788
6v9z Coarse Grain,Yes,310.15,A,414,S414,0.001711673,0.007747498,0.008986195,0.018445366
6v9z Coarse Grain,No,310.15,B,414,S414,0.008564814,0.021550924,0.004629628,0.034745367
6v9z Coarse Grain,Yes,303.15,B,414,S414,0.013319456,0.006014023,0.008500079,0.027833558
6v9z Coarse Grain,Yes,303.15,A,414,S414,0.009638889,0.010416745,0.005680556,0.02573619
6v9z Coarse Grain Repeat,No,303.15,B,414,S414,0.0014306,0.010611334,0.008916745,0.020958679
6v9z Coarse Grain Repeat,Yes,303.15,B,414,S414,0.014402789,0.003639009,0.002777754,0.020819552
6v9z Coarse Grain,No,303.15,B,414,S414,0.016402776,0.011014067,0.002583377,0.03000022
6v9z Coarse Grain Repeat,Yes,310.15,B,414,S414,0.004560185,0.01148148,0.018935185,0.03497685
6v9z Coarse Grain,Yes,303.15,A,417,Q417,0.012305557,0.010194623,0.004625011,0.027125191
6v9z Coarse Grain Repeat,No,303.15,A,417,Q417,0.014597222,0.00686111,0.007791767,0.029250099
6v9z Coarse Grain,No,310.15,B,417,Q417,0.009537037,0.013055557,0.005763888,0.028356482
6v9z Coarse Grain Repeat,Yes,310.15,A,417,Q417,0.008078704,0.00888889,0.005578704,0.022546297
6v9z Coarse Grain Repeat,No,303.15,B,417,Q417,0.001361089,0.011736257,0.007166743,0.020264089
6v9z Coarse Grain Repeat,Yes,310.15,B,417,Q417,0.005925926,0.006875,0.009652777,0.022453703
6v9z Coarse Grain,Yes,310.15,B,417,Q417,0.018490575,0.007634885,0.00518013,0.03130559
6v9z Coarse Grain,Yes,303.15,B,417,Q417,0.012902734,0.0055835,0.008222256,0.02670849
6v9z Coarse Grain Repeat,No,310.15,A,417,Q417,0.012870322,0.007592453,0.006828711,0.027291486
6v9z Coarse Grain Repeat,Yes,303.15,A,417,Q417,0.005236156,0.006902879,0.008041578,0.020180613
6v9z Coarse Grain,No,310.15,A,417,Q417,0.013217593,0.016527777,0.002407408,0.032152778
6v9z Coarse Grain Repeat,No,310.15,B,417,Q417,0.010486125,0.007893483,0.006388849,0.024768457
6v9z Coarse Grain,Yes,310.15,A,417,Q417,0.003535957,0.011238354,0.009797033,0.024571344
6v9z Coarse Grain,No,303.15,A,417,Q417,0.005069412,0.011180555,0.009305592,0.025555559
6v9z Coarse Grain Repeat,Yes,303.15,B,417,Q417,0.019930567,0.003944612,0.003277776,0.027152955
6v9z Coarse Grain,No,303.15,B,417,Q417,0.017972188,0.008722311,0.0021806,0.028875099
6v9z Coarse Grain Repeat,No,303.15,A,439,Q439,0.013472222,0.006041678,0,0.0195139
6v9z Coarse Grain,No,303.15,A,439,Q439,0.007611112,0.000180556,0,0.007791668
6v9z Coarse Grain,No,303.15,B,439,Q439,0.021541667,0.007486156,1.39E-05,0.029041723
6v9z Coarse Grain,Yes,303.15,A,439,Q439,0.041944444,0.0093333,0,0.051277744
6v9z Coarse Grain,Yes,310.15,A,439,Q439,0.0001351,0,0,0.0001351
6v9z Coarse Grain Repeat,No,310.15,B,439,Q439,0.00525463,0.033703704,0.000995326,0.03995366
6v9z Coarse Grain Repeat,Yes,310.15,A,439,Q439,0.001064815,0,0.000625,0.001689815
6v9z Coarse Grain,Yes,303.15,B,439,Q439,0.02398611,0.014097222,0,0.038083332
6v9z Coarse Grain,Yes,310.15,B,439,Q439,0.001621653,0.005157519,0.000608094,0.007387266
6v9z Coarse Grain Repeat,Yes,303.15,B,439,Q439,0.010819455,0.0080834,0.001680567,0.020583422
6v9z Coarse Grain,No,310.15,B,439,Q439,0.010439815,0.037939815,0.000347222,0.048726852
6v9z Coarse Grain,No,310.15,A,439,Q439,0.028217592,0.009884258,4.63E-05,0.038148147
6v9z Coarse Grain Repeat,No,303.15,B,439,Q439,0.003694444,0.015958346,0.003791666,0.023444456
6v9z Coarse Grain Repeat,Yes,303.15,A,439,Q439,0.002277778,8.33E-05,0,0.002361078
6v9z Coarse Grain Repeat,No,310.15,A,439,Q439,0.010902778,0.006018478,0.0038657,0.020786956
6v9z Coarse Grain Repeat,Yes,310.15,B,439,Q439,0.016273149,0.005462962,0.000671296,0.022407407
6v9z Coarse Grain,No,310.15,B,443,Q443,0.031921296,0.062986112,0.004560185,0.099467594
6v9z Coarse Grain Repeat,No,303.15,B,443,Q443,0.015472223,0.077902777,0.017680611,0.111055611
6v9z Coarse Grain Repeat,No,303.15,A,443,Q443,0.042625067,0.063458332,1.39E-05,0.106097299
6v9z Coarse Grain,Yes,303.15,A,443,Q443,0.099916667,0.023041667,0,0.122958334
6v9z Coarse Grain,No,303.15,A,443,Q443,0.099583345,0.028027778,0.000847222,0.128458345
6v9z Coarse Grain,No,303.15,B,443,Q443,0.072944444,0.046124944,0.001708367,0.120777755
6v9z Coarse Grain Repeat,No,310.15,A,443,Q443,0.044699074,0.037870379,0.029421252,0.111990705
6v9z Coarse Grain,Yes,303.15,B,443,Q443,0.089722222,0.048986123,0.000166667,0.138875012
6v9z Coarse Grain Repeat,Yes,310.15,B,443,Q443,0.056967592,0.025092593,0.016898148,0.098958333
6v9z Coarse Grain Repeat,No,310.15,B,443,Q443,0.047453704,0.06159723,0.0044444,0.113495334
6v9z Coarse Grain,No,310.15,A,443,Q443,0.064722223,0.040694446,0.002986111,0.10840278
6v9z Coarse Grain Repeat,Yes,310.15,A,443,Q443,0.071458333,0.013587963,0.01386574,0.098912036
6v9z Coarse Grain,Yes,310.15,A,443,Q443,0.069683139,0.005202586,0,0.074885725
6v9z Coarse Grain,Yes,310.15,B,443,Q443,0.072926285,0.015022184,0.008490778,0.096439247
6v9z Coarse Grain Repeat,Yes,303.15,A,443,Q443,0.085125,0.018222223,0,0.103347223
6v9z Coarse Grain Repeat,Yes,303.15,B,443,Q443,0.055250033,0.045639055,0.009222279,0.110111367
6v9z Coarse Grain Repeat,No,310.15,B,444,T444,0.005856489,0.004953703,0.000763889,0.011574081
6v9z Coarse Grain,No,310.15,A,444,T444,0.000578703,0.000648148,0,0.001226851
6v9z Coarse Grain,Yes,303.15,B,444,T444,0.031583333,0.001513889,0,0.033097222
6v9z Coarse Grain,Yes,303.15,A,444,T444,0.011569444,0.005208333,0,0.016777777
6v9z Coarse Grain Repeat,Yes,310.15,B,444,T444,0.019675926,0.001111111,2.31E-05,0.020810185
6v9z Coarse Grain,Yes,310.15,B,444,T444,0.007477309,0.000653094,4.50E-05,0.008175403
6v9z Coarse Grain Repeat,Yes,303.15,A,444,T444,0.008416667,1.39E-05,0,0.008430567
6v9z Coarse Grain,Yes,310.15,A,444,T444,0.007071913,0,0,0.007071913
6v9z Coarse Grain Repeat,No,303.15,B,444,T444,0.00075,0.001083378,0.003958389,0.005791767
6v9z Coarse Grain,No,303.15,A,444,T444,0.015416667,0,0,0.015416667
6v9z Coarse Grain Repeat,No,310.15,A,444,T444,0.000902778,0.000439719,0.010648148,0.011990645
6v9z Coarse Grain Repeat,No,303.15,A,444,T444,0.000236122,0.007875,0,0.008111122
6v9z Coarse Grain Repeat,Yes,303.15,B,444,T444,0.012819489,0.021611111,0.001569478,0.036000078
6v9z Coarse Grain,No,303.15,B,444,T444,0.003666667,0.001472189,0,0.005138856
6v9z Coarse Grain,No,310.15,B,444,T444,0.000254629,0.003912037,0.000115741,0.004282407
6v9z Coarse Grain Repeat,Yes,310.15,A,444,T444,0.086736111,0.000347222,0.022083333,0.109166666
6v9z Coarse Grain Repeat,Yes,310.15,B,449,S449,0,0.000208333,4.63E-05,0.00025463
6v9z Coarse Grain Repeat,No,310.15,A,449,S449,0.001273148,0.001435048,4.63E-05,0.002754496
6v9z Coarse Grain Repeat,Yes,303.15,B,449,S449,0.000305556,0.001750011,0.000236133,0.0022917
6v9z Coarse Grain Repeat,Yes,303.15,A,449,S449,0.005111111,4.17E-05,0,0.005152811
6v9z Coarse Grain,Yes,310.15,B,449,S449,0.001103579,0.000472962,0.000608062,0.002184603
6v9z Coarse Grain,No,303.15,A,449,S449,6.94E-05,0.012333334,0.000236111,0.012638845
6v9z Coarse Grain Repeat,No,303.15,B,449,S449,1.39E-05,0.000569445,0.000333344,0.000916689
6v9z Coarse Grain Repeat,Yes,310.15,A,449,S449,0.005393519,0.008078704,0,0.013472223
6v9z Coarse Grain,No,310.15,A,449,S449,0.000439815,0.001828704,0.000138889,0.002407408
6v9z Coarse Grain,Yes,310.15,A,449,S449,0.015314948,0.003198082,0,0.01851303
6v9z Coarse Grain Repeat,No,310.15,B,449,S449,0,2.31E-05,0.00037037,0.00039347
6v9z Coarse Grain,No,310.15,B,449,S449,0.000509259,0.000393518,0.000462963,0.00136574
6v9z Coarse Grain,Yes,303.15,B,449,S449,0.000194489,0.006972178,0,0.007166667
6v9z Coarse Grain Repeat,No,303.15,A,449,S449,0,0.0001111,0,0.0001111
6v9z Coarse Grain,No,303.15,B,449,S449,0,0.000666589,0.000236111,0.0009027
6v9z Coarse Grain,Yes,303.15,A,449,S449,0.003388889,0,0,0.003388889
6v9z Coarse Grain Repeat,No,310.15,B,450,N450,0.015416667,0.037129582,0.004004633,0.056550882
6v9z Coarse Grain,Yes,303.15,B,450,N450,0.016736111,0.033027789,0,0.0497639
6v9z Coarse Grain Repeat,No,310.15,A,450,N450,0.033333341,0.016481385,0.002476804,0.05229153
6v9z Coarse Grain Repeat,Yes,303.15,B,450,N450,0.005152778,0.015041733,0.001736144,0.021930655
6v9z Coarse Grain Repeat,No,303.15,A,450,N450,0.000694466,0.031194456,6.94E-05,0.031958322
6v9z Coarse Grain,Yes,303.15,A,450,N450,0.025430556,0.002736111,0,0.028166667
6v9z Coarse Grain Repeat,Yes,310.15,B,450,N450,0.001180556,0.012199074,0.002916667,0.016296297
6v9z Coarse Grain,No,310.15,A,450,N450,0.000462963,0.017037037,0.000972222,0.018472222
6v9z Coarse Grain,Yes,310.15,B,450,N450,0.025562478,0.004819689,0.009143939,0.039526106
6v9z Coarse Grain,No,303.15,B,450,N450,0.001250011,0.029513935,0.008430556,0.039194502
6v9z Coarse Grain Repeat,No,303.15,B,450,N450,0.000527733,0.015291755,0.004736134,0.020555622
6v9z Coarse Grain,No,303.15,A,450,N450,0.014694445,0.037694478,0.001875,0.054263923
6v9z Coarse Grain,No,310.15,B,450,N450,0.018981481,0.007662038,0.003912038,0.030555556
6v9z Coarse Grain Repeat,Yes,310.15,A,450,N450,0.051805556,0.033333334,0.001018519,0.086157409
6v9z Coarse Grain Repeat,Yes,303.15,A,450,N450,0.113027778,0.004375,0,0.117402778
6v9z Coarse Grain,Yes,310.15,A,450,N450,0.042341389,0.007094434,9.01E-05,0.049525923
6v9z Coarse Grain Repeat,Yes,303.15,A,457,E457,0,2.78E-05,0,2.78E-05
6v9z Coarse Grain,Yes,310.15,A,457,E457,0,2.25E-05,0,2.25E-05